PUBCHEM_SID,PUBCHEM_CID,PUBCHEM_ACTIVITY_OUTCOME,PUBCHEM_ACTIVITY_SCORE,PUBCHEM_ACTIVITY_URL,PUBCHEM_ASSAYDATA_COMMENT,1^Qualifier^STRING^^^^,2^EC50^FLOAT^uM^^^,3^LogEC50^FLOAT^^^^,4^Hill Slope^FLOAT^^^^,5^Hill S0^FLOAT^^^^,6^Hill Sinf^FLOAT^^^^,7^Hill dS^FLOAT^^^^,8^Chi Square^FLOAT^^^^,9^Rsquare^FLOAT^^^^,10^N DataPoints^INT^^^^,11^Activation at 95.1 uM^FLOAT^%^^^,12^Activation at 31.7 uM^FLOAT^%^^^,13^Activation at 10.6 uM^FLOAT^%^^^,14^Activation at 3.5 uM^FLOAT^%^^^,15^Activation at 1.2 uM^FLOAT^%^^^,16^Activation at 391.3 nM^FLOAT^%^^^,17^Activation at 130.4 nM^FLOAT^%^^^,18^Activation at 43.5 nM^FLOAT^%^^^,19^Activation at 14.5 nM^FLOAT^%^^^,20^Activation at 4.8 nM^FLOAT^%^^^
842247,644507,Inactive,25,,,=,17.58,-4.75,2.02,-19.1,81.15,100.25,-51.32,0.94,30,50.7,71.9,31.3,-3.8,-6.3,-22.4,-19.4,-19.7,-19,-25
842357,5781107,Active,44,,,=,4.615,-5.34,1.1,-6.8,115.09,121.88,502.63,0.99,20,105.2,93.7,76.6,39.3,16.9,-2.1,-7.8,-1.6,-11.7,-2.7
842446,644711,Active,56,,,=,2.107,-5.68,0.97,-17.67,125.82,143.49,-52.03,0.99,30,105.9,99.5,89.1,68,30.8,-1.2,3,-15.8,-12.1,-25.8
842742,645017,Active,52,,,=,2.807,-5.55,1.21,-14.79,111.87,126.66,-64.59,0.99,30,93.4,93.9,85.6,56.4,19.2,1,-10.5,-9.5,-16.3,-19.2
842752,645027,Inactive,29,,,=,13.59,-4.87,0.63,-6.9,152.53,159.42,-64.07,0.99,30,95.2,70.7,43.7,23.9,10.4,3.1,-6,0.8,-7.5,-7.1
842935,645206,Inactive,21,,,=,23.12,-4.64,1.07,-6.66,96.63,103.29,-115.17,0.97,20,76.1,59.7,28.3,8.6,-3.2,-0.2,3,-2.3,-16.5,-12.6
842939,645210,Active,74,,,=,0.631,-6.2,0.45,-38.91,155.31,194.23,39.84,0.99,30,109.9,93.4,89.4,75.4,59,45.3,29,-1.7,-12.1,-14
842972,5523429,Active,37,,,=,7.478,-5.13,1.02,-22.55,113.59,136.14,-54,0.97,30,85,78.3,62.3,24.2,2.4,-10.1,-18.8,-20.6,-25.6,-22.7
843471,645766,Inactive,27,,,=,14.84,-4.83,2.25,-6.73,74.15,80.89,-31.3,0.98,30,64.1,67.3,36.5,3.1,-4.8,-10.8,-8.7,-4.2,-4.4,-7.7
843577,645879,Active,36,,,=,8.29,-5.08,1.29,-3.26,113.85,117.12,-236.22,0.96,30,99.6,101.6,52,23,10.6,3.7,-14,-3.4,-3.9,-0.7
843813,646118,Active,35,,,=,9.095,-5.04,1.06,-18.53,156.56,175.09,-97.23,0.98,30,118.8,106.6,51.1,11.6,4.3,-13.7,-11.1,-24.3,-21.2,-21
843901,646210,Inactive,23,,,=,20.43,-4.69,1.29,-18.39,87.96,106.34,-7.53,0.98,20,65.7,58,34.5,3.6,-10.4,-15.5,-13.8,-19.6,-16.2,-24.6
843912,5770889,Active,68,,,=,0.908,-6.04,1.67,-6.25,106.67,112.92,-2234.18,0.96,30,101.8,103.1,98.7,85.4,62.6,21,-18.3,1.4,-1.8,-5
843954,646260,Inactive,24,,,=,18.69,-4.73,1.7,-17.02,85.6,102.62,-24.06,0.96,20,59.8,71,26.6,-0.1,-6,-17.6,-21.5,-18.8,-15.2,-19.7
844118,646427,Inactive,16,,,=,32.15,-4.49,1.02,-12.92,252.24,265.16,-62.52,0.98,20,113.2,49.7,9.9,-1.5,-9.2,-21.9,-5.7,-7.1,-12.1,-18.9
844444,646770,Active,50,,,=,3.115,-5.51,0.92,-16.71,123.09,139.81,51.01,0.99,30,100.8,97.3,77.9,57.7,16.9,5.1,-7.8,-13,-14,-20.8
844482,6603129,Active,46,,,=,4.271,-5.37,1.07,-10.67,136.15,146.82,-35.57,0.99,20,117.8,110.4,81.8,41.6,13.1,-4,-2,-6.4,-15.5,-13.5
844975,647315,Active,69,,,=,0.879,-6.06,1.04,-15.65,125.59,141.24,32.71,1,19,-10.5,107,100.3,88.4,58.6,26.4,-1.5,-9.1,-17,-11.8
845167,647501,Active,46,,,=,4.287,-5.37,4.21,-22.05,130.08,152.13,13.67,0.99,20,107.8,108.9,105,23.8,-23.8,-19.4,-22.3,-21.8,-25.9,-18.5
845241,647581,Inactive,5,,,=,66.49,-4.18,1.14,-7.03,97.67,104.7,-62.02,0.97,27,59.1,30.5,5.5,7.9,-4.7,-3.6,-5.2,-5.4,-7.6,-9.4
845300,91378,Inactive,31,,,=,11.95,-4.92,1.2,-10.7,145.88,156.57,-128.28,0.98,30,120.3,90.4,43.9,14.6,-11,-9.4,-15.8,-15,-7.7,-0.5
845357,647700,Active,44,,,=,4.856,-5.31,0.92,-5.78,140.8,146.59,-67.79,0.99,30,119.1,110.8,73.4,36.2,18.4,7.2,-4,-4.1,-8.2,-6.1
845395,647738,Inactive,25,,,=,17.89,-4.75,1.1,-14.23,146.23,160.46,-14.95,0.99,30,106.6,75.2,27.3,2.9,-4.1,-13.6,-12.9,-16.6,-10.6,-18.7
845406,647748,Inactive,27,,,=,15.16,-4.82,3.2,-10.36,130.69,141.05,-171.53,0.97,20,119.5,107.9,16.9,-3.6,-7.5,-29.3,-11.9,-2.8,-4.4,-11.6
845529,647878,Active,49,,,=,3.314,-5.48,3.84,-24.85,145.9,170.75,-20.33,0.99,30,124.4,118.9,118.2,58.6,-22.6,-29.9,-21.8,-27.1,-20.7,-24.2
845565,647922,Active,42,,,=,5.53,-5.26,0.86,-9.14,126.77,135.9,-41.32,0.98,30,107.2,90,69.7,35.1,19.3,-3.1,-4.1,-7.8,-12.9,-3.5
845926,648294,Active,66,,,=,1.041,-5.98,1.33,-19.97,116.3,136.27,-7.8,0.99,18,93.8,95.9,94.1,30.9,55.9,8.9,-2.2,-16.6,-22,-87.6
846017,648384,Active,71,,,=,0.732,-6.14,1.84,-4.65,106.98,111.64,-11016.7,0.96,20,106.7,104.6,99.4,90.4,73.8,22.9,-9.7,11.9,-10.5,-6.4
846150,648532,Active,53,,,=,2.603,-5.58,0.89,-8.81,119.76,128.58,-68.27,0.99,30,106.5,98.4,82.5,60.6,27.3,8.7,1.6,-6.2,-5.1,-11.9
846220,648601,Active,40,,,=,6.25,-5.2,1.1,-14.78,144.76,159.54,20.62,0.99,30,118.5,110.3,68.8,26.8,3.2,-4.6,-11.5,-15.4,-18,-16.3
846246,3066411,Inactive,17,,,=,31.15,-4.51,1.01,-15.04,245.45,260.49,-69.01,0.98,30,113.9,53,6.1,-1.8,-9.6,-10.3,-16.7,-9.5,-19,-20.8
846304,648690,Active,45,,,=,4.463,-5.35,0.86,-8.17,141.82,149.99,38.18,0.98,20,116,111.6,73.9,41.3,13.1,11.4,-1.4,-2.2,-8.4,-16.6
846656,5413110,Active,79,,,=,0.437,-6.36,0.99,-10.78,125.95,136.73,91.11,1,30,117.3,114.5,106.1,96.7,83.1,45.8,16.3,-0.8,-5.9,-9.1
846933,649326,Active,42,,,=,5.581,-5.25,1.21,-22.5,128.61,151.11,-113.9,0.99,30,102.6,96.1,71.4,32.1,0.6,-20.1,-19.7,-24.4,-21,-20.5
847080,6603155,Active,59,,,=,1.754,-5.76,1.32,-13.65,112.07,125.72,-8.75,0.99,30,94.3,100.9,89.5,74.5,33.4,2.5,-3.8,-9.9,-16.5,-16.9
847139,54678158,Inactive,20,,,=,24.4,-4.61,1.62,-14.73,101.96,116.69,-40.98,0.98,28,82,57.3,19.8,-21,-13.9,-14.9,-9.6,-14.4,-18.1,1.1
847206,6603137,Inactive,0,,,>,30,-4.52,,,,,,,30,118.9,46.2,-26.7,-11,-11.6,-17.2,-14.4,-19.2,-16.1,-18.3
847243,649642,Active,41,,,=,5.901,-5.23,1.54,-16.8,145.85,162.65,-100.66,0.99,30,123.9,119.7,83.4,17.6,1.4,-9.9,-10,-21.9,-18.3,-26
847305,649706,Active,58,,,=,1.822,-5.74,2.01,-5.85,123.96,129.8,-126.76,0.99,30,121.7,116.1,110.5,89.6,23.8,0.9,-0.9,-4.7,-12.1,-6.4
847359,597363,Active,41,,,=,5.709,-5.24,2.49,-16.77,135.98,152.75,562.73,0.93,30,123,112.6,95.4,13,-12.2,-15.6,-17.3,-13.6,-21.3,-17.4
847836,650250,Active,62,,,=,1.398,-5.85,1.71,-17.82,145.48,163.3,-13.6,0.99,20,134.9,126.5,111.6,105.8,36.6,-3.6,-14.9,-9.6,-23.1,-21.3
848224,650651,Inactive,30,,,=,12,-4.92,1.41,-16.7,141.37,158.07,-20.54,0.99,20,114.1,98.5,38.6,5.7,-7.7,-14.8,-21.5,-19.7,-21.7,-9.5
848384,650829,Inactive,30,,,=,12.74,-4.89,0.67,-10.01,194.03,204.04,-341.96,0.98,30,112.8,77.8,46.1,17.1,9.5,-1.2,-8.1,-6.7,-13.3,-6.6
848481,650930,Inactive,0,,,>,95,-4.02,,,,,,,19,39.2,14.8,7.6,8.7,-4.7,-4.1,-55.6,-6.7,-15.9,-11.4
848536,650985,Active,48,,,=,3.723,-5.43,1.49,-18.66,139.42,158.08,-14.06,0.99,30,118.6,115.6,97,46.5,0.2,-7.3,-19.6,-19.1,-24.8,-15.1
848739,651196,Inactive,27,,,=,15.43,-4.81,1.94,-9.85,133.51,143.36,-119.79,0.98,30,118.1,94.2,25,1.6,-7.6,-13.2,-1.3,-17.6,-7.8,-14.5
849061,651526,Inactive,26,,,=,15.98,-4.8,1.12,-14.31,148.9,163.21,-34.4,0.99,20,111.1,81.1,29.8,6.4,-8.6,-7.3,-14.7,-17.2,-7.9,-22.3
849093,6858766,Inactive,16,,,>,10,-5,,,,,,,20,107.4,114.2,3.9,-26.9,-14.4,-11.5,-11.6,-10,-21.7,-5.9
849139,651609,Inactive,16,,,>,10,-5,,,,,,,29,97.8,104.2,22.1,-25.6,-3.1,-11.2,-5.8,-14.1,-23.2,-22.7
849903,5771238,Inactive,0,,,>,30,-4.52,,,,,,,30,70.4,3.2,-2.3,-10.2,-9.3,-9,-15.4,-16,-9.9,-14.1
849904,5523443,Active,69,,,=,0.837,-6.08,1.1,-19.54,130.43,149.98,-51.16,1,30,110.9,108.6,103.7,89.8,66.1,17.3,1.7,-12.3,-17.5,-22.3
849947,652457,Inactive,28,,,=,14.42,-4.84,1.53,-9.56,121.71,131.27,-49.13,0.98,30,106.1,81.7,37.7,0.4,-7.7,-6.9,-1.3,-12.2,-10.2,-14.8
850120,652627,Active,37,,,=,7.498,-5.13,0.77,-14.36,165.81,180.17,-72.21,0.98,20,118.5,100,57.5,27.4,5.9,2.7,-7,-11,-26,-8.8
850126,652633,Inactive,21,,,=,23.65,-4.63,0.97,-14.5,101.48,115.97,-7.96,0.99,19,74.3,55.3,32.2,5.2,-4.8,-9.7,-15.9,-14.3,-16.4,-96.8
850470,652991,Active,51,,,=,2.955,-5.53,1.24,-20.84,114.98,135.82,-22.99,0.99,30,89.6,93.2,83.9,52.5,20.3,-9.5,-14.3,-20.4,-20.6,-22.1
850512,653043,Active,52,,,=,2.844,-5.55,1.58,-12.75,110.78,123.53,-50.03,0.99,20,98,96.1,88.1,58.5,15.3,-8.2,-13.1,-13.9,-18,-4
850570,653096,Active,44,,,=,4.832,-5.32,0.83,-19.97,133.06,153.02,-34.58,0.98,20,103.5,95.5,63.8,45.8,14.5,-2.2,-22.4,-16.6,-16.1,-16.9
850758,653297,Inactive,16,,,=,31.84,-4.5,26.86,-13.59,119.52,133.11,-80.86,0.97,30,105.9,46.3,-22.5,-6.7,-20.8,-9,-18.7,-9.6,-13.6,-7.8
850895,653441,Inactive,0,,,>,95,-4.02,,-9.89,60.51,70.39,,,30,43.6,24.5,-2.6,-3.7,-4.7,-10.8,-10,-8.7,-10.4,-16.9
851016,653568,Active,40,,,=,6.191,-5.21,1.13,-17.36,123.47,140.83,103.15,0.98,20,107.1,83.8,68.2,36.9,-7.4,-7.7,-17,-13.8,-22.1,-13
851321,653892,Active,43,,,=,5.237,-5.28,1.47,-19.53,140.83,160.36,-64.41,0.99,30,117.7,111.7,87.8,23.9,-0.5,-10,-15.1,-22,-27.5,-21
851570,654157,Active,61,,,=,1.469,-5.83,0.8,-17.09,130.4,147.49,2607.63,0.99,20,109.1,103,91.4,75.2,41.5,17.3,-2.1,1.1,-19.8,-16.7
852230,654842,Inactive,33,,,=,10.43,-4.98,1.2,-12.15,141.79,153.94,-20.72,0.99,19,113.6,102.9,41.5,16.8,-1.1,-6.1,11.6,-15.3,-10,-19.1
852331,654946,Inactive,0,,,>,95,-4.02,,-17.13,20.74,37.87,,,30,-3.3,-3.8,-13.4,-7.8,-19.4,-11.7,-15.6,-19.8,-17.7,-15.3
852700,655334,Inactive,0,,,>,95,-4.02,,-9.25,57.57,66.82,,,20,44.9,25.5,-3.5,-4,-10.9,-1.7,-8.5,-8.4,-17.4,-12.2
852758,5768210,Active,49,,,=,3.288,-5.48,1.04,-21.62,134.3,155.92,-21.79,0.99,20,108,102.3,88.4,48.7,17.8,-6,-17.1,-18.3,-18.6,-25.6
852761,655401,Active,38,,,=,7.016,-5.15,1.18,-15.23,136.89,152.12,-136.7,0.99,30,113.3,102.9,65.8,21.8,2.2,-10.8,-14.2,-17.7,-13.3,-16.3
852781,655421,Active,54,,,=,2.332,-5.63,1.8,-15.3,105.17,120.47,-134.45,0.97,30,83.7,94.2,87.4,65.9,17.9,-7.1,-9.9,-25.8,-11.7,-13.8
853109,5770673,Inactive,21,,,=,23.1,-4.64,1.85,-16.83,112.33,129.16,-45.75,0.98,30,89.5,66.2,9.4,-7.1,-14.2,-8.6,-22,-16.6,-26.4,-15.5
853296,655948,Active,40,,,=,6.286,-5.2,1.25,-10.92,135.37,146.28,88.91,0.99,20,115,111.5,70.8,22.4,9.2,-5.1,-9.1,-12.6,-15.3,-11.6
853467,656125,Active,40,,,=,6.423,-5.19,1.18,-33.13,170.23,203.36,-473.9,0.88,30,123.3,121.9,77.8,6.9,-0.4,-21.2,-14.1,-66.4,-25.4,-34.5
855531,2406,Active,64,,,=,1.242,-5.91,2.79,-4.93,128.56,133.48,-158.86,1,30,126,122.3,120.3,117.3,44,2.9,1.4,-6.6,-11.8,-6
855632,444795,Inactive,15,,,=,34.12,-4.47,0.27,-19.33,203,222.32,61.63,0.97,30,60.3,56.3,33,23.8,14.7,3.6,5.5,0.3,-5.8,-14.3
855676,2333,Active,43,,,=,5.126,-5.29,0.99,-8.61,147.43,156.03,-387.56,0.98,30,121.9,120.6,66.6,42.3,6.3,7.6,-7.3,-6.5,-15.5,-6.8
856076,5389002,Active,61,,,=,1.493,-5.83,0.55,-26.87,157.7,184.57,-8.57,0.99,30,117.1,105.3,85.2,68.7,47.8,24.9,-0.2,-6.3,-21,-16.2
856251,6603036,Active,46,,,=,4.136,-5.38,1.16,-5.23,138.18,143.41,-10.47,0.99,30,123,121.6,88.4,35.1,23.1,0.7,-2.6,-7.9,-1.6,-10.8
856504,5389033,Active,47,,,=,3.835,-5.42,1.65,-15.52,139.1,154.63,800.69,0.99,30,124.6,120,93.6,51.1,-6.1,-17.1,-4.5,-23.5,-12.2,-13.8
856542,657896,Active,49,,,=,3.365,-5.47,1.08,-16.04,92.46,108.51,28.18,0.99,30,72.3,77.2,66.6,49.1,28.2,-2.5,-4.7,-14.8,-12,-20.3
856603,657960,Inactive,17,,,=,30.89,-4.51,1.83,-17.16,84.21,101.37,-38.32,0.97,30,64.5,50.4,13.1,-12.2,-13.7,-24.3,-14.3,-16.8,-18.1,-14.1
857027,658386,Active,36,,,=,8.049,-5.09,1.92,-12.37,133.49,145.86,-66.5,0.99,30,118.7,112.4,66.9,7.1,-4.9,-12.1,-17,-14.6,-10.5,-11
857044,658402,Active,42,,,=,5.312,-5.27,1.57,-5.58,123.96,129.54,-130.65,0.99,30,116.9,108.4,84.9,27.1,7.4,2.2,-3.3,-7.9,-6,-12.6
857384,658729,Inactive,0,,,>,30,-4.52,,,,,,,30,77.3,27.1,6.8,1.9,-10.9,-12,-14.9,-10.4,-9.6,-23.1
857386,658731,Active,46,,,=,4.137,-5.38,2.43,-9.41,139.32,148.73,-254.75,0.99,30,131.6,123,118.4,32.8,9.2,-5.6,-9,-21.8,-8.4,-13
857389,658734,Active,64,,,=,1.184,-5.93,23.79,2.81,89.51,86.7,916.01,0.82,30,20.4,122.8,119.3,106.8,45.3,14,5,7.3,-5.2,-7
857470,5389098,Active,42,,,=,5.339,-5.27,1.67,-7.16,131.81,138.97,1191.75,0.99,30,118.6,121.5,86.6,23.8,13.7,-9.7,-12.4,-4.5,-2.8,-14.1
857517,658866,Inactive,33,,,=,10.42,-4.98,2.03,-19.54,110.13,129.67,-68.65,0.96,30,77.9,100.1,45,0.8,-8.8,-18.1,-17.9,-24.6,-16.7,-29.5
857562,658914,Inactive,20,,,=,24.17,-4.62,1.08,-24.85,108.61,133.46,-78.44,0.97,30,73.9,56.4,25.3,2,-18.3,-22.8,-30.3,-26.2,-24.7,-16.5
857671,6603379,Inactive,21,,,=,23.54,-4.63,1.53,-15.35,142.96,158.31,-23.46,0.98,30,110.2,65.5,14.8,-13.6,-10.3,-14.2,-11.6,-12.5,-20.9,-17.9
857697,659056,Inactive,0,,,>,95,-4.02,,,,,,,30,14.9,11.7,2.3,-9.8,12.1,-3.9,2.8,-3.8,-3.8,-13.5
857745,659101,Active,50,,,=,3.221,-5.49,2,-5.46,63.74,69.2,-56.62,0.88,30,42.8,73.1,59.9,48.3,26.1,-1.1,-8.6,6.5,-11.1,-7.2
857788,2893616,Inactive,30,,,=,12.4,-4.91,1.93,-18.97,148.2,167.17,-92.69,0.98,30,124,109.1,35.7,-3.1,-17.8,-20,-13.2,-20.5,-18.9,-25.3
857885,659229,Active,40,,,=,6.278,-5.2,3.39,-14.18,137.75,151.93,22.86,0.99,30,125.5,120.9,101.2,0.6,-10.4,-13,-14.3,-17.4,-12.1,-17.2
858098,659453,Active,34,,,=,9.523,-5.02,2.12,-13.05,142.23,155.27,-406.26,0.99,30,126.1,119,56.5,1.1,-10,-13.2,-11.3,-16.6,-18.9,-7.8
858235,659580,Inactive,27,,,=,15.5,-4.81,4.32,-35.7,157.71,193.41,-64.36,0.98,30,122,116.1,-6.4,-36.1,-48.9,-44.8,-40.6,-29.9,-30.1,-19.3
858246,659589,Active,45,,,=,4.325,-5.36,1.42,-15.75,113.76,129.51,-8.81,0.99,30,100.3,90,77.6,44.1,1.8,-8.8,-18.1,-15.9,-15,-13.2
858283,659623,Active,57,,,=,1.995,-5.7,1.54,-12.82,140.94,153.76,-112.21,0.99,30,127.9,122.9,119,80.1,21.2,0.5,-7.1,-8.9,-9.3,-26.4
858389,659717,Active,47,,,=,3.953,-5.4,1.44,-3.47,133.11,136.57,-542.82,0.99,30,125.3,120.6,100.2,35.6,19.9,4.1,-3.2,-0.9,-9.8,-7.6
858409,659735,Active,48,,,=,3.569,-5.45,2.03,-10.98,141.22,152.2,-227.35,0.99,30,131.8,123.1,117,45.8,4.4,-6.8,-14.9,-13.9,-20.2,-1.1
858513,659822,Inactive,0,,,>,95,-4.02,,,,,,,30,14.8,-13,-5.5,-23.6,-17.7,-27,-19.1,-20.4,-18.8,-19.6
858611,659917,Active,42,,,=,5.392,-5.27,2.07,-14.28,138.54,152.82,-133.33,0.98,30,125.4,116.6,97.1,17.2,3.6,-13.4,-11,-15.5,-17.5,-22.8
858770,621551,Active,47,,,=,3.835,-5.42,1.28,-16.64,148.39,165.03,-20.69,0.99,30,125.5,121.4,101.8,36.2,12.5,-7.2,-8.9,-18.4,-16.3,-25.8
859065,5389245,Inactive,0,,,>,95,-4.02,,,,,,,30,-14.3,-16.9,-17.9,-30.7,-14.7,3.9,-16.7,-22.4,-20.7,-23.5
859461,660762,Inactive,30,,,=,12.03,-4.92,3.84,-17.65,136.27,153.93,-64.41,0.99,30,120.9,112.8,33.9,-23.1,-17.9,-20.3,-13.5,-14.4,-11.5,-21.9
859529,660825,Inactive,0,,,>,95,-4.02,,-16.04,62.64,78.69,,,30,28.4,10.9,-9.6,-8.2,-15.1,-17.8,-13.3,-16.6,-18.5,-15.9
859882,661186,Inactive,31,,,=,11.75,-4.93,1.15,-16.79,112.29,129.08,-95.38,0.97,30,89,75,47.7,11.9,-4.6,-17.3,-5.7,-18.5,-20.3,-18.3
859982,2852203,Active,38,,,=,7.096,-5.15,2.36,-10.19,112.08,122.27,-83.98,0.99,30,104.1,96.5,73.6,11.3,-14.9,-12.7,-11.7,-11.5,-2.9,-6.4
859995,661305,Active,44,,,=,4.709,-5.33,2.11,-11.44,136.67,148.11,-127.54,0.99,28,53.5,118.1,70.7,26.2,4.5,-10.8,-11.7,-10,-15.6,-15.9
860007,5586822,Active,41,,,=,5.874,-5.23,1.41,-8.19,111.7,119.89,7.19,0.99,30,104.2,91.4,71.5,32.9,-1.4,-5.2,-3.5,-10.7,-5.4,-10.2
860064,661368,Active,94,,,=,0.151,-6.82,1.33,-1.52,105.65,107.17,-35.87,1,30,103,101.2,106.9,103,97.3,81.1,43.3,15.5,5.5,-3.2
860183,5587117,Active,34,,,=,9.146,-5.04,1.69,-5.27,112.8,118.06,-269.71,0.98,30,102.2,99.3,55.2,11.1,6,4.4,-4.1,-10.3,-7.7,-14
860541,1276569,Active,99,,,=,0.111,-6.95,1.46,-8.99,107.95,116.94,-63.83,0.98,30,76.9,100.5,108,107.6,102.1,80.6,59.5,12,5.2,-12.7
860587,661870,Inactive,26,,,=,16.59,-4.78,0.4,-19.7,292.25,311.95,-907.61,0.96,30,90.9,72.6,36.6,15.3,10.3,9.9,-14.1,-10.9,-9.1,-21.3
860798,6602784,Inactive,10,,,=,48.74,-4.31,1.42,-2.65,133.67,136.32,-279.49,0.96,30,81.2,31.8,8.3,-2.8,-4.7,-3.2,-8.6,2.1,-0.3,0.2
860919,662192,Inactive,29,,,=,12.87,-4.89,0.85,-16.22,148.95,165.17,-58.43,0.98,30,106,74.5,50.3,9,-0.9,-12.5,-6.7,-11.3,-16.2,-23.6
861006,662276,Active,41,,,=,5.907,-5.23,4.5,-25.84,145.95,171.79,-29.47,0.99,30,120.1,120.1,110.9,-12,-23.9,-21.2,-19.8,-27,-35.3,-27.6
861040,662310,Inactive,26,,,=,16.25,-4.79,3.42,-11.36,129.95,141.31,-124.17,0.98,30,117.9,105.7,10.2,-2.7,-3.1,-16,-16.1,-16.8,-8.4,-15.3
861070,662339,Active,48,,,=,3.58,-5.45,1.56,-17.31,120.06,137.37,-11.84,0.99,30,101.4,102.1,84.9,51.3,2.6,-12,-13.9,-15.5,-19.8,-18.6
861371,662619,Inactive,13,,,=,38.51,-4.41,2.23,-13.79,98.02,111.81,-127.29,0.95,30,77.5,40.2,-6.7,-2.7,-15.7,-14,-14,-13.1,-11.5,-22.7
861516,662755,Inactive,17,,,=,30.58,-4.51,0.88,-16.43,248.44,264.87,-110.14,0.97,30,107.3,52.4,14.9,-9.5,-6.8,-10.5,-8.3,-17.1,-21.1,-21.8
861528,5389588,Inactive,28,,,=,14.4,-4.84,1.85,-16.32,142.04,158.36,-101.04,0.98,30,118.3,101,24.5,2.1,-8.7,-16.1,-28.2,-13.5,-21.2,-14.8
861727,5389617,Active,35,,,=,8.678,-5.06,4.66,-4.67,121.68,126.35,-439.63,0.97,26,117.6,116,63.2,-60.7,-17.3,-14.4,-0.2,-1.3,7,-1.7
862068,5389680,Active,35,,,=,8.659,-5.06,1.86,-19.88,145.18,165.05,21.59,0.99,30,121.7,115.3,61.5,4.1,-19.5,-19.6,-17.7,-18.6,-22.1,-19.6
862339,663567,Inactive,16,,,>,10,-5,,,,,,,30,79.8,70.3,41.8,32.3,24,14.1,9.4,2.5,-6.4,-12.2
862384,663609,Inactive,32,,,=,10.79,-4.97,2.12,-5.58,132.03,137.61,-125.91,0.99,30,122.7,113.2,46.3,6.8,-2.6,-2.9,-7.2,-9.5,-6.9,-6.1
862457,663688,Inactive,29,,,=,13.17,-4.88,1.6,-12.84,144.47,157.31,-1146.17,0.97,30,119.5,106.1,26.4,11.7,0.7,-13.9,-19.5,-11.3,-24.7,-11.1
862668,663900,Inactive,33,,,=,10.08,-5,1.8,-4,127.5,131.51,-296.52,0.98,30,115.3,113.3,45.2,18.3,-1.7,-5.4,-2.9,-6,-6,-5.4
862684,663916,Active,50,,,=,3.074,-5.51,2.09,-17.79,133.92,151.71,-52.12,0.99,30,115,115.4,108,59.2,-2.4,-10.2,-16,-21.9,-18,-19.9
862693,663925,Inactive,32,,,=,10.87,-4.96,1.64,-21.42,108.69,130.11,-10.28,0.99,30,82.5,82.9,46.8,4.1,-14.8,-17.3,-25.2,-21.7,-22.8,-20.4
862702,663934,Inactive,12,,,=,43.61,-4.36,1.3,-20.29,315.43,335.72,-59.17,0.98,30,119.1,30.6,-9.9,-11.5,-20.9,-14.5,-17.8,-16,-29.8,-24.4
862724,663956,Inactive,32,,,=,10.82,-4.97,2.34,-19.34,146.18,165.52,-42.33,0.98,27,52.5,114.8,48.1,-10.9,-15.7,-20.8,-16.2,-13.7,-21.8,-26.6
862725,6603430,Active,74,,,=,0.601,-6.22,1.66,-7.69,128.06,135.75,324.82,1,30,123.2,119.4,117,111.5,85.6,26.4,3.8,-7,-0.7,-15.8
862811,664044,Inactive,17,,,=,31.12,-4.51,2.16,-15.3,130.97,146.28,-31.61,0.99,30,104.8,51.5,-4.7,-10.3,-14.5,-18.2,-15.3,-13.8,-21.1,-11.8
862844,664077,Active,48,,,=,3.646,-5.44,1.6,-15.93,140.54,156.48,-3.34,0.99,30,124.9,114.9,106.9,43.5,3.7,-4.9,-14.9,-14.2,-13.8,-27.6
862890,664129,Active,50,,,=,3.237,-5.49,1.47,-13.76,108.33,122.09,-22.49,1,30,94.1,92.4,82.2,53.2,13.4,-10.2,-8.9,-14.2,-10.4,-17.7
862909,664148,Inactive,0,,,>,95,-4.02,,-25.5,12.9,38.39,,,30,7.8,-27,-16.6,-14.7,-15.7,-23.7,-59,-4.5,-21.3,-18.3
863111,664349,Active,34,,,=,9.764,-5.01,3.21,-16.43,132.61,149.04,-53.05,0.99,30,111.8,117.9,57.6,-9.2,-10.2,-14.7,-11.6,-24.5,-15.7,-23.7
863314,664560,Active,51,,,=,3.01,-5.52,1.24,-17.07,107.41,124.48,-37.38,0.99,30,88.3,84.8,85.1,48.7,24.1,-7.9,-10.9,-19.5,-13.2,-18.7
863379,664633,Active,45,,,=,4.523,-5.34,1.95,-17.27,135.79,153.05,-47.04,0.99,30,116.5,115.1,99.8,30.1,-2.1,-12.3,-16,-18.9,-21.4,-20.3
863470,664724,Active,45,,,=,4.409,-5.36,1.77,-3.58,130.24,133.83,-163.16,0.99,30,126.8,119,98.7,35.2,9,-1.6,-4.2,1.5,-9.8,-5.2
863563,664814,Active,45,,,=,4.432,-5.35,0.96,-15.77,136.76,152.53,-62.33,0.98,30,120.5,92,77.2,50.1,7.4,-4.4,-19,-13.1,-16.1,-8.2
863640,664895,Active,42,,,=,5.481,-5.26,1.83,-13.64,136.58,150.22,-27.92,1,30,122.4,116.2,88.9,23.2,-3.5,-16.5,-10.3,-13.6,-12.1,-17
863659,664914,Active,33,,,=,9.78,-5.01,1.74,-18.1,137.95,156.06,-45.91,0.98,30,117.5,103.3,54.5,2.9,-19.3,-16.1,-18.7,-21.4,-20.4,-10
863666,664921,Inactive,19,,,=,27.17,-4.57,1.14,-6.82,124.31,131.13,-68.81,0.98,30,89.9,55.6,20.9,1.7,-2,-7.1,-6,-4.6,-8,-8.3
864211,665458,Inactive,27,,,=,15.05,-4.82,1.31,-22.14,104.52,126.66,-1.31,0.98,30,79.3,65.2,41.4,0.4,-10.7,-23.4,-15.4,-23.1,-22.1,-26.1
864288,665535,Active,36,,,=,8.437,-5.07,1.65,-21.91,149.22,171.14,-6.84,0.99,30,120.2,117.9,59.5,8,-15.8,-23,-15.7,-22.6,-26.5,-22.9
864316,665561,Active,33,,,=,9.879,-5.01,1.77,-17.22,145.66,162.88,366,0.99,30,120.3,118,47.9,8,-15.8,-19.2,-17.2,-15.4,-15.3,-21.6
864526,5389964,Active,52,,,=,2.79,-5.55,0.76,-7.13,117.52,124.65,115.51,0.97,30,111.8,78.3,79.7,64.8,27.1,6.6,9.2,-4.3,-2.8,-7.7
864609,665851,Active,41,,,=,5.661,-5.25,0.44,-31.52,197.77,229.29,86.44,0.98,30,110.3,84.7,58.7,44.9,18.3,17.3,-19.6,-22,-24.1,-17.4
864782,666031,Inactive,29,,,=,13.6,-4.87,0.87,-18.12,132.09,150.21,-58.93,0.99,30,94.1,74.6,40.9,15.9,-4.9,-8.7,-19.8,-15.7,-18.4,-17.2
864905,666153,Active,71,,,=,0.77,-6.11,1.81,8.16,86.89,78.73,296.98,0.98,30,88.2,99.5,98.8,86.9,65.9,28.4,8.6,0,5.5,21
865108,666359,Active,79,,,=,0.428,-6.37,1,-20.34,125.25,145.6,-12.88,1,30,104.2,104.1,99.8,95.4,76.7,47.8,13.2,-3.8,-15.2,-19.4
865218,666468,Inactive,29,,,=,13.04,-4.88,4.97,-23,126.83,149.82,-55.99,0.98,28,93,104.7,17.7,-14,-24.8,-26.6,-34.5,-19,-25.4,-16.3
865300,666554,Active,42,,,=,5.332,-5.27,1.56,-9.1,129.48,138.58,193.4,0.98,30,117,113.7,82.1,30,2.4,-10.6,-1.8,-10.8,-12.4,-9.2
865419,666674,Inactive,24,,,=,18.16,-4.74,1.84,-14.13,112.27,126.4,-103.2,0.97,30,92.8,77.1,19.6,-2.9,-7.5,-6,-19.8,-9.9,-26.7,-16.1
865492,666746,Active,60,,,=,1.563,-5.81,1.28,-18.08,107.28,125.36,-20.59,0.99,30,87.8,86.9,85.7,73.4,36.6,10.5,-13,-17.3,-19.8,-14.8
865643,666902,Active,34,,,=,9.339,-5.03,1.27,-18.8,151.61,170.42,-48.59,0.99,30,120.2,108.8,52,7.7,0.1,-17.6,-13.2,-19.6,-21.4,-25.9
865665,666926,Active,35,,,=,8.715,-5.06,0.76,-14.62,228.12,242.73,15.9,0.97,27,50.3,101.5,60.3,18.5,3,-2,-9.4,-10.4,-16.7,-17.1
865730,666991,Active,96,,,=,0.139,-6.86,1.42,-16.28,110.13,126.41,9.37,0.99,27,18.6,82,97,98.7,92.6,82.2,43.2,11.8,-9.2,-16.9
865817,6603206,Active,37,,,=,7.809,-5.11,1.56,-6.73,131.14,137.87,-176.68,0.99,30,120.5,108.1,66.1,13.7,5,-3.8,-9.6,-7.9,-8.2,-7.1
865862,667122,Active,42,,,=,5.46,-5.26,1.18,-6,98.82,104.82,-115.69,0.99,30,88.5,86.3,67.8,34.7,14,-0.1,-6.3,-6.3,-6.2,-4.6
865967,6603347,Active,35,,,=,8.905,-5.05,1.61,-7.6,132.85,140.45,-173.07,0.99,30,120.1,108.1,58.2,10.3,4,-10.4,-3.6,-6.3,-5.9,-17
866099,667358,Active,46,,,=,4.14,-5.38,1.06,-17.57,119.52,137.09,-17.02,1,30,94.7,96.5,77.3,41.2,13.8,-4.4,-11,-16.3,-20.7,-17.7
3711270,5413208,Active,60,,,=,1.585,-5.8,1.04,-10.67,117.02,127.69,-1.36,0.99,30,103,104.5,92.5,72.2,40.9,13.5,-3.2,-6.4,-13.3,-7.7
3711304,2083077,Active,57,,,=,1.956,-5.71,1.75,-5.67,124.95,130.61,5873.89,0.97,30,115.4,119.6,114.3,81.1,22.2,8.3,-7.2,11.4,-14,-17.7
3711481,2412274,Inactive,32,,,=,10.64,-4.97,0.92,-14.12,145.6,159.73,-397.38,0.98,29,111.8,82.9,50.7,21.1,-4.3,-9.6,-13.8,-14.9,-10.1,-100
3711619,2558417,Inactive,29,,,=,13.75,-4.86,0.49,-11.74,242.34,254.08,8.44,0.99,29,100.5,76.6,38.6,23.1,12.2,4.6,-6.3,-3.7,-6.6,-40.5
3711976,2090020,Active,37,,,=,7.743,-5.11,0.98,-13.71,123.72,137.42,-4.44,0.99,30,99.3,89.5,56.9,28.6,1.1,-3.9,-10.3,-10.6,-17.8,-13.9
3712206,2524807,Inactive,28,,,=,14.16,-4.85,1.44,-12.72,136.09,148.81,104.29,0.97,30,109.9,95.8,25.4,9.9,-1.6,-7.3,-11.7,-16.9,-18.8,-18.9
3712211,2312754,Inactive,30,,,=,12.11,-4.92,1.99,-13.39,146.29,159.68,-143.7,0.98,30,125.5,116.4,33.5,7.8,-6.5,-12.5,-16.6,-15.7,-17.4,-18.6
3712248,2079854,Inactive,0,,,>,95,-4.02,,-18.62,57.86,76.48,,,30,29.8,48.9,21.7,3.3,-13.1,-15.9,-13.1,-19.1,-25.2,-19.1
3712260,2372914,Active,59,,,=,1.717,-5.77,1.12,-21.49,123.95,145.44,-15.39,1,30,102.1,99.3,90.1,72.9,36.1,5.2,-13.4,-20,-25.2,-15.8
3712447,2112599,Active,42,,,=,5.292,-5.28,4.28,-20.06,128.8,148.86,-15.43,0.97,30,93.2,124.4,103.2,2.2,-17.6,-15.4,-23.6,-15.3,-27.1,-21.1
3712485,2538553,Active,53,,,=,2.598,-5.59,0.85,-16.91,149.46,166.37,-40.51,0.99,29,122.6,118.5,87.3,61.3,28,3.3,-10.6,12.7,-15.4,-15.6
3712502,2537506,Active,45,,,=,4.411,-5.36,1.32,-12.64,140.26,152.9,-57.61,0.99,30,122.4,117,91.5,35,5.9,1.6,-10.8,-11.2,-21.3,-14.1
3712685,703850,Inactive,0,,,>,95,-4.02,,-17.99,373.72,391.71,,,30,34.2,0.8,-9.9,-21.4,-8.9,-21.1,-18.5,-17.6,-15.5,-21
3712700,2085261,Active,69,,,=,0.87,-6.06,1.34,-9.96,113.95,123.91,-759.34,0.99,30,100,106.2,100.9,89.8,63.8,15.1,8,-7.2,-8.8,-15.4
3712861,2998194,Active,40,,,=,6.095,-5.22,0.76,-17.56,147.61,165.17,-68.84,0.99,30,111.7,90.4,67.1,35.7,10.3,-6.3,-8.3,-11.1,-14.2,-22.3
3712888,2082098,Inactive,18,,,=,27.55,-4.56,0.91,-9.23,89,98.23,-1756.03,0.88,30,71,44,36.6,15.6,-4.4,-12.8,-6.9,-13,0,-7.9
3712921,2998213,Active,36,,,=,7.981,-5.1,1.01,-14.81,151.14,165.95,-4724.15,0.98,30,119.7,102.7,56.9,25.5,-4.6,-4.4,-8.7,-14.8,-14.6,-20.5
3713189,2561590,Active,42,,,=,5.573,-5.25,1.49,-15.13,140.34,155.48,-71.65,0.99,30,120.9,116.2,82.7,25.3,-3.6,-3.1,-13.9,-15.5,-23.5,-15.9
3713199,5394360,Active,48,,,=,3.733,-5.43,1.07,-21.81,135.85,157.66,-6.88,0.99,30,110.5,102.6,83.7,45.4,16.7,-13.5,-21.2,-17.8,-19.9,-21.5
3713200,2998329,Inactive,33,,,=,10.44,-4.98,1.27,-18.32,113.21,131.53,-19.64,0.99,30,91.6,77.7,50.9,13.3,-7.2,-22.3,-15.2,-20.1,-16.4,-15.8
3713239,2516748,Inactive,0,,,>,95,-4.02,,-17.12,61.56,78.67,,,30,35.7,13.7,-11.9,-10,-14.6,-15.6,-15.1,-11.2,-30.6,-19
3713286,5742495,Active,34,,,=,9.627,-5.02,1.43,-17.96,117.65,135.61,-47.74,0.95,30,84.9,104.8,43.7,12.1,-3.4,-9.5,-18.7,-17,-26.7,-21.4
3713434,2086090,Active,38,,,=,7.007,-5.15,1.2,-16.73,147.08,163.81,-93.57,0.99,30,120.4,111.4,63.6,25.4,-5.5,-9.1,-21.6,-10.9,-21.4,-14.9
3713437,2998408,Active,66,,,=,1.048,-5.98,0.74,2.4,101.92,99.52,59.1,1,30,98.3,97.4,88.1,72.9,50.1,32.2,18,15.1,5.1,1.5
3713490,2082388,Active,46,,,=,4.19,-5.38,1.08,-14.48,147.18,161.66,-21.69,0.99,30,123.8,119.7,80.8,46.8,6.5,-4.5,-11,-7.9,-19,-16.3
3713542,2334463,Inactive,32,,,=,11.19,-4.95,1.76,-8.27,134.29,142.56,-113.8,0.97,20,117.1,111.4,39.1,10.7,6.6,-3.3,-3.7,-11.4,-15.2,-23
3713778,2571481,Inactive,27,,,=,15.64,-4.81,1.13,-8.41,146.14,154.55,-11.2,0.99,20,112.7,81.6,31.1,10.4,-1.8,-4.6,-7.9,-10.1,-7.5,-11.7
3713970,2083153,Active,55,,,=,2.226,-5.65,1.31,-11.68,103.67,115.36,-54.09,0.98,30,82.9,97.3,86.1,62.6,26.3,7.1,-12.3,-2.5,-20.3,-9.9
3713973,2998623,Inactive,0,,,>,30,-4.52,,,,,,,20,85.3,38.6,15.4,5,-9.9,-4.3,-12.3,-12.8,-11.3,-12.2
3714097,2088026,Active,64,,,=,1.219,-5.91,1.12,-6.05,109.21,115.26,-17.77,1,30,100.4,102.7,93.8,80.1,47.7,18.3,4.4,-0.5,-10.2,-4.5
3714300,2998745,Inactive,22,,,=,21.41,-4.67,0.76,-24.89,115.12,140,-18.2,0.97,30,71.6,62,29.5,15.8,-5.3,-16.7,-17.7,-23.3,-33,-17.3
3714425,2998797,Active,36,,,=,8.307,-5.08,1.64,-11.91,116.61,128.52,-17.6,0.99,20,106.1,89.1,64.3,10.8,-5.3,-12.7,-9.8,-11.8,-9.2,-15.5
3714439,867085,Active,64,,,=,1.197,-5.92,0.98,-10.28,109.09,119.37,3.08,0.99,30,93.6,97.1,93.1,73.9,49.5,18.6,6.7,-5.3,-1.4,-18.1
3714527,2998840,Active,45,,,=,4.579,-5.34,2.8,-13.14,135.81,148.95,-37.59,0.99,30,122.6,121.3,110.1,26,-7,-4.9,-15.7,-16.1,-12,-19.9
3714621,2998880,Active,40,,,=,6.464,-5.19,1.82,-15.81,141.97,157.78,-76.99,0.99,30,124.9,117,82,13.1,-7.2,-3.3,-11.8,-17.2,-24,-23.3
3714683,2998911,Active,39,,,=,6.746,-5.17,1.43,-15.81,94.06,109.87,-58.42,0.99,30,77.5,73.7,61.2,28.7,0.7,-14.2,-15.7,-17.2,-13.9,-14.5
3714704,2998921,Active,53,,,=,2.649,-5.58,1.81,-13.99,128.15,142.14,-58.97,0.99,30,115.8,109.8,105.6,66.2,8.7,-7,-11.5,-14.9,-16.6,-14.6
3714779,2998949,Active,36,,,=,7.965,-5.1,1.23,-14.04,98.94,112.98,23.01,0.99,20,80.9,78.4,56.7,24.5,3.6,-12.2,-15.5,-11.3,-15.7,-11.8
3714791,2998954,Active,38,,,=,7.16,-5.15,0.99,-26.97,167.26,194.24,-189.46,0.93,20,122,113.2,62.9,17.3,1.2,-20.6,-7.1,-55.3,-22.4,-20.5
3714860,2531739,Active,40,,,=,6.13,-5.21,1.08,-15.48,113,128.48,-24.4,0.98,30,91.1,87,67.6,29.4,6.1,-5.1,-9.5,-12.5,-16.8,-21.2
3714922,2563677,Inactive,25,,,=,17.53,-4.76,1.4,-17.02,123.58,140.6,-204.75,0.96,30,97.8,72.7,28.4,-0.3,-19.8,-18.6,-21.6,-12.3,-12.1,-16.1
3715055,2567904,Inactive,19,,,=,25.83,-4.59,1.04,-12.76,106.87,119.63,-13.3,0.98,30,77.7,55.2,26.4,3.1,-8.7,-10.5,-2.8,-15.9,-11.5,-18.5
3715081,2084419,Inactive,6,,,=,64.39,-4.19,0.76,-16.66,637.45,654.12,-52.19,0.96,29,69.8,24.3,1.5,-9.3,-26,-16.9,-14.8,-9.5,-17.4,-22.3
3715197,2587324,Active,42,,,=,5.632,-5.25,1.55,-10.7,123.43,134.14,-219.16,0.99,30,111.2,103.3,80.9,24.9,2.4,-6,-0.2,-12.9,-16.4,-17
3715204,2568788,Inactive,18,,,=,27.85,-4.56,1.32,-24.42,181.71,206.12,-21.61,0.99,30,116.6,59.2,0.5,-10,-21.9,-26.2,-24.5,-25.3,-22.1,-27.3
3715258,1228645,Inactive,25,,,=,17.62,-4.75,1.74,-9.64,81.51,91.15,-7.64,0.97,20,68.1,65.8,31.5,2.5,-3.7,-6.6,-15.2,-9.5,-13.5,-7
3715263,2999141,Inactive,0,,,>,95,-4.02,,-5.38,185.79,191.16,,,30,35.2,14.8,1.2,1.2,-3.5,-7.7,-4.5,-5.3,-4.3,-5.5
3715297,2421595,Inactive,31,,,=,11.61,-4.94,2.14,-13.69,141.26,154.95,-144.11,0.98,29,120.9,117.1,37.5,4.4,-3.4,-13.6,-16.4,23.3,-14.7,-20.8
3715311,2630328,Active,58,,,=,1.876,-5.73,0.99,-7.96,117.24,125.2,-594.25,0.98,30,109,100.9,88.3,72.4,33,14.9,-6.6,6.1,-12.8,-8.4
3715664,2620914,Inactive,33,,,=,10.3,-4.99,1.22,-21.71,144.42,166.13,-20.88,0.98,30,111,98,48.5,6.1,-5,-19.9,-17.8,-25.7,-19.4,-26.6
3715794,2490118,Inactive,13,,,=,40.36,-4.39,0.53,-12.71,385.81,398.52,-84.11,0.89,30,77,46.5,16.2,9.5,-3.8,-3,-10.7,-6.5,-14.4,-13.3
3715971,2320547,Active,35,,,=,9.04,-5.04,3.84,-21.44,149.32,170.75,-53,0.99,30,127.8,126.7,71.9,-17.7,-25.2,-21.8,-19.1,-15.9,-29.2,-17.5
3716178,2620910,Inactive,0,,,>,95,-4.02,,-9.05,76.39,85.44,,,30,37.6,16.8,-0.5,-4.2,-8,-5.2,-11.3,-10.8,-9.7,-7.9
3716294,2576894,Active,39,,,=,6.513,-5.19,1.57,-13.39,117.09,130.48,-48.24,0.99,30,97.7,102.2,68.3,22.4,-0.8,-15.1,-10.8,-16.1,-10.9,-15
3716390,2122192,Inactive,21,,,=,23.76,-4.62,1.21,-9.28,159.65,168.93,-241.1,0.97,20,111.5,66,13.8,5.6,-7.4,-2.2,-1.8,-10.7,-13.8,-18.7
3716460,2524461,Active,89,,,=,0.223,-6.65,1.19,-19.46,142.04,161.51,-47.36,1,30,126,120.8,119,114.9,108.8,70.9,28.7,-1.2,-16.4,-17.2
3716663,2566824,Active,40,,,=,6.135,-5.21,0.93,-10.04,130.04,140.09,-73.68,0.99,30,105.7,100.9,61.8,33.4,12.6,-1.8,-7.9,-4.1,-13.4,-11.3
3716739,2999733,Active,34,,,=,9.161,-5.04,0.78,-18.83,122.99,141.82,-28.24,0.98,30,88.5,78.8,53,26.7,3,-2.7,-11.6,-16.7,-15.4,-23.4
3716817,2649844,Inactive,27,,,=,14.78,-4.83,1.82,-14.18,147.16,161.34,-109.04,0.98,30,125.7,99.2,26.7,-4.5,1.3,-13.7,-8.8,-23.2,-16.4,-23.2
3716831,2102842,Active,34,,,=,9.323,-5.03,0.97,-8.87,209.65,218.52,19.6,0.97,27,52.4,108.5,55.2,19.7,-2.5,3.2,-9.1,-17.5,-13.7,1.9
3716833,2559952,Inactive,27,,,=,15.05,-4.82,0.81,-18.46,187.67,206.13,-32.32,0.99,30,116.1,78.6,35.4,14.7,-11.6,-8.5,-19.6,-12.9,-20.3,-18.7
3716944,2999816,Active,45,,,=,4.329,-5.36,1.36,-14.23,146.08,160.31,-43.8,0.99,30,128.5,119.8,94.9,36.2,4.8,-4.3,-14.6,-10.6,-21.5,-14.4
3717095,2999870,Inactive,25,,,=,17.24,-4.76,0.76,-15.26,132.74,148,-366.67,0.97,30,87.7,66.5,35.5,17,-0.9,-9.7,-12.4,-12.4,-11.3,-18.7
3717112,2082426,Active,34,,,=,9.69,-5.01,0.78,-11.04,130.74,141.78,-29.27,0.99,30,97.3,82.6,47.7,30.4,4.4,-3.6,-3.9,-2,-16.2,-13
3717484,3000022,Inactive,33,,,=,10.26,-4.99,3.24,-13.83,133.62,147.45,-103.01,0.98,20,119.6,116.2,53.1,-9.7,-18.6,-22.2,-14.4,-8.1,-13.4,-6.6
3717582,2537908,Active,99,,,=,0.108,-6.97,1.93,-13.76,134.75,148.51,10.5,1,30,126.6,122.8,117.2,118.6,117.3,110.5,62,5.4,-14.5,-11
3717588,5742573,Active,39,,,=,6.569,-5.18,1.16,-17.46,146.65,164.11,-92.15,0.99,30,121.3,106,72,22.5,-3.2,-6.2,-12.7,-15.2,-24.8,-19.7
3717602,2535819,Active,56,,,=,2.102,-5.68,1.19,-13.01,140.81,153.81,63.36,0.99,30,124.1,119.1,114.2,66.3,27.1,5.4,-8.4,-11.1,-14.3,-15.5
3717608,740743,Inactive,14,,,=,37.13,-4.43,0.85,-13.06,129.29,142.35,-3.79,0.96,30,74.9,45.4,19.5,-0.6,-1.9,-18.2,-6,-15,-10.6,-14.9
3717620,5742575,Inactive,32,,,=,11.14,-4.95,0.67,-10.06,213.68,223.75,-74.56,0.97,30,121.5,90,37.8,31.5,4.7,-0.2,-9.6,-3.8,-14.2,-6.9
3717810,2671470,Inactive,32,,,>,10,-5,,,,,,,20,75.6,78.5,93.4,10.3,0.8,-6.7,-8.3,-14,-20.7,-14.1
3717932,2326513,Inactive,11,,,=,44.16,-4.35,1.41,-10.74,265.92,276.67,-248.39,0.97,20,113.2,30.5,1.6,-14,-10,-0.8,-13.4,-10.1,-15,-11
4240591,3235679,Active,48,,,=,3.666,-5.44,0.8,-12.09,107.97,120.06,-90.27,0.99,20,86.4,87.4,72.8,43.9,27.4,9.1,-4.3,-5.1,-6.4,-17.3
4240751,3235818,Active,41,,,=,5.748,-5.24,1.74,-11.94,113.44,125.38,-20.61,0.99,20,103.1,94,76.7,26.6,-3.6,-17,-5,-15.1,-14.2,-7.4
4240787,3235850,Active,72,,,=,0.692,-6.16,1.06,-11.82,118.99,130.81,-78.67,0.99,30,106.7,105.9,98.9,93.3,65.1,31.6,7.8,-4,-13.9,-8.9
4241066,996494,Active,42,,,=,5.47,-5.26,1.09,-20.39,115.99,136.38,-9.8,0.99,20,86.5,92.5,69,30.6,10.7,-15,-9,-17.7,-24.2,-24.1
4241464,3236433,Inactive,16,,,>,10,-5,,,,,,,30,52.9,59.6,8.1,-4,-11.9,-11.6,-7.8,-10.6,-21.2,-15.3
4241780,3236712,Active,39,,,=,6.67,-5.18,1.59,-8.55,110.57,119.12,-80.36,0.97,19,91.3,108.3,62.3,25.9,0.8,-8.6,-9.5,-3.9,-11.3,-98.6
4241946,3236859,Active,43,,,=,5.277,-5.28,2.67,-9.22,80.47,89.68,-94.44,0.97,20,69.5,70.3,69.9,28.8,-2.5,-5.9,-11.5,0.6,-14.5,-16.8
4242098,3236996,Inactive,0,,,>,30,-4.52,,,,,,,20,107.9,34.5,-11.9,-10.5,-11.1,-12.4,-12.1,-10,-9.4,-5.4
4242219,6602843,Inactive,29,,,=,13.16,-4.88,2.58,-9.14,137.32,146.46,-220.35,0.98,30,124.4,115.4,28.6,8.9,-7.4,-3.9,-17.1,-6.7,-21.1,-10.7
4242248,3237129,Inactive,30,,,=,12.2,-4.91,2.54,-1.93,123.73,125.66,-175.61,0.98,30,118.3,111.8,36.6,12.4,-1.3,-1.2,-5.1,-1.9,-6.4,-4.3
4242508,3237354,Active,44,,,=,4.761,-5.32,1.01,-5.2,99.41,104.6,-19.49,0.99,20,86.7,88.8,67.7,40,17.3,11,-4,-13.4,-2.5,-1.1
4242597,9595212,Inactive,31,,,=,11.22,-4.95,1.19,-15.65,167.91,183.55,-42.09,0.99,20,132.4,104.2,42.4,10.6,-9.3,-8.5,-11.3,-7.2,-20.6,-28
4242720,3237539,Inactive,0,,,>,95,-4.02,,,,,,,20,-3.6,3.4,-6.5,-4.1,-9.9,-9.4,-11.8,-13.2,-13.7,-11.2
4243083,3237853,Active,33,,,=,9.881,-5.01,1.95,-15.55,137.86,153.41,-70.23,0.99,20,118.5,111.2,52.7,1.4,-14.6,-6.7,-9.7,-20.1,-18.9,-22.3
4243185,3237940,Inactive,32,,,=,10.48,-4.98,1.84,1.78,120.75,118.98,381.78,0.99,30,115.9,108.8,44.6,19.9,5.6,1.8,-2,3.2,-4.6,3.3
4243189,3237945,Active,42,,,=,5.571,-5.25,1.75,-8.23,127.62,135.86,-119.16,0.99,20,115.1,116,84.2,23.5,6.1,-7.9,-7.5,-0.2,-15.2,-14.5
4243337,3238071,Active,43,,,=,4.996,-5.3,0.82,-16.3,154.88,171.18,-94.47,0.98,20,116.5,112.5,72.1,32.9,12.9,3.3,-0.2,-24.9,-18.9,-14.4
4243360,3238094,Inactive,31,,,=,11.88,-4.93,1.02,-17.57,158.33,175.89,-68.16,0.98,19,117.4,91.4,42.7,10.7,-7.6,14.7,-7.1,-20.1,-21.6,-21.4
4243407,3238135,Inactive,32,,,=,10.48,-4.98,1.27,-9.51,143.3,152.81,-58.19,0.99,20,118.7,105,42,16,3.6,-9.2,-9.4,-9.2,-9,-15.4
4243672,6602851,Active,52,,,=,2.825,-5.55,1.01,-20.66,138.87,159.53,-306.62,0.96,30,116.2,106.9,86.3,61.2,19.7,-0.6,-26.8,-4.9,-23,-21.4
4244481,3239070,Active,63,,,=,1.272,-5.9,1.41,-13.95,109.63,123.58,-89.29,0.99,30,97.8,93.1,92.6,77.2,48.6,9.2,-9.8,-17.9,-9.4,-11.9
4244635,3239207,Inactive,29,,,=,13.42,-4.87,1,-9.87,144.25,154.12,-57.66,0.99,20,109.1,83.7,38.4,13,0.6,-5.8,-3.3,-10.3,-11,-15.3
4244718,3239280,Active,36,,,=,8.243,-5.08,1.5,-19.68,147.81,167.5,-26.1,0.99,20,121.1,113.5,61.3,9.2,-6.5,-19.4,-28.5,-14.1,-23.8,-15.9
4244884,5400198,Inactive,33,,,=,10.24,-4.99,1.28,-4.32,134.08,138.4,-48.63,0.99,20,120.1,93.4,53.5,14.1,-0.1,0.3,-11.6,-0.5,-4.6,-1.7
4244974,2928973,Inactive,0,,,>,30,-4.52,,,,,,,30,123.3,39.8,-30.2,-10.7,-17,-22.5,-16.3,-19.8,-16.2,-23.2
4244980,3239508,Inactive,23,,,=,20.03,-4.7,1.19,-15.72,163.88,179.6,-37.01,0.98,20,116.2,75.2,18.5,-2.2,-4.2,-10.5,-13.7,-18.4,-15.5,-25
4245292,3239781,Active,35,,,=,8.551,-5.07,1.34,-7.86,132.44,140.3,-77.68,0.99,20,113.6,109.2,52.4,20.3,3.2,-6.8,-5.5,-0.2,-14.1,-14.8
4245315,3239800,Active,48,,,=,3.668,-5.44,1.6,-5.18,92.37,97.55,-211.41,0.99,20,85.9,85.1,78.4,48.5,10.1,5.9,-7.1,-2.7,-5.6,-9.7
4245329,2871846,Inactive,32,,,=,10.8,-4.97,1.1,-12.02,115.91,127.93,-79.8,0.98,20,91.7,86.9,43.1,20.4,-5.3,0.3,-7.3,-20.5,-10.1,-14.6
4245970,5771389,Inactive,27,,,=,14.93,-4.83,3.63,-2.09,129.47,131.56,-365.05,0.99,20,126.7,116.5,18.2,9.6,-3.1,-4.3,3.1,-2.5,-3.4,-13.1
4246030,3240425,Active,63,,,=,1.273,-5.9,0.88,-14.78,131.2,145.98,2358.54,0.98,20,120.3,104.9,92.7,79.6,49.1,25.6,-14,-4.2,-15.7,-7.5
4246251,3240629,Active,53,,,=,2.642,-5.58,1.6,-43.29,133.12,176.4,-2213.83,0.41,20,111.6,80.1,71.3,57.4,13,-2.1,-174,-2.3,-16.1,-6.5
4246731,3241034,Active,37,,,=,7.716,-5.11,1.55,-3.53,119.18,122.72,-156.5,0.99,30,109.6,106.8,60.5,23.2,-0.6,-0.4,-4.7,-6.2,-4.1,-0.9
4246983,3241256,Active,41,,,=,5.945,-5.23,1.02,-20.83,146.75,167.58,35.01,0.98,20,113.7,106.8,72,24.4,7.3,-10.8,-21.6,-7.6,-32.2,-21.3
4247022,3241283,Active,44,,,=,4.774,-5.32,3.17,-7.88,128.3,136.18,-47.77,0.99,20,120.4,119.8,109.4,22.3,-2.8,-14.8,-10,-10.5,-2.8,-4.8
4247397,3241613,Active,52,,,=,2.828,-5.55,1.88,-10.61,106.55,117.16,-61.02,0.99,30,93.7,94.8,93,58.8,11.4,-4.3,-17,-9.7,-6.2,-12.1
4247653,3241833,Inactive,28,,,=,13.8,-4.86,1.11,-4.79,147.35,152.14,111.05,0.99,20,117.8,84.9,36.7,18.8,-6.6,-0.4,-4.3,-6.9,-1.5,-5.3
4247804,3241968,Active,41,,,=,5.818,-5.24,1.62,-16.18,100.75,116.93,-197.56,0.94,20,84.2,84.5,62.3,32.8,2.1,-42.6,-5.1,-7.2,-17.7,-11.6
4247903,3242053,Active,48,,,=,3.553,-5.45,1,-6.23,134.18,140.41,0.06,0.99,20,117,116.4,85,46.4,19.2,9.8,-2.3,-7.1,-5.9,-8.6
4247941,3242085,Active,49,,,=,3.374,-5.47,1.67,-5.54,107.09,112.63,-128.07,0.99,20,106.4,96.6,83.9,55.8,8.8,-7.8,-2.2,-4.9,-6.9,-1.6
4248362,3242450,Active,36,,,=,8.423,-5.07,0.86,-9.9,144.83,154.73,-78.07,0.97,18,42.1,89.1,59.1,22.8,7.2,4.5,-15.2,-5.3,-17.3,-3.3
4248610,3242673,Inactive,2,,,=,83.13,-4.08,1.43,-3.43,67.85,71.29,-334.94,0.88,19,52,29.4,7.8,-2.8,-32.2,7.8,0.5,-7.6,-10.1,-7.2
4248630,3242691,Active,42,,,=,5.423,-5.27,1.23,-5.83,134.43,140.26,-29.71,1,20,120.8,114.2,75,33.3,9.5,-0.6,-8.8,-3.9,-10.1,-2.1
4248818,3242845,Active,33,,,=,9.927,-5,1.4,-17.27,146.81,164.08,-47.25,0.98,20,116.8,112.5,44.4,10.6,-4.2,-10.5,-23.5,-14,-30.4,-13
4248840,3242863,Active,39,,,=,6.901,-5.16,0.7,-15.17,143.74,158.91,-47.53,0.99,20,102.6,91.6,59.2,30.8,13.1,1,-8,-2.3,-23.5,-14.2
4249087,3243084,Inactive,27,,,=,15.49,-4.81,0.66,-4.95,188.16,193.11,8.49,0.98,20,102.6,75.3,34.2,20.2,11.6,4.9,-1.7,-9.7,-2.5,-4.1
4249215,5771444,Inactive,5,,,=,68.87,-4.16,2.53,-4.49,110.87,115.36,-80.45,0.97,20,71.6,8.8,-3.5,-4.2,-11,-6.6,-1.2,-1.2,-2,-5.2
4249328,3243296,Inactive,29,,,=,13.7,-4.86,1.39,-8.95,103.74,112.69,-71.76,0.98,19,89.2,75.9,40.1,8.3,-71.6,-4.5,-1,-7.3,-15.7,-14
4249429,3243384,Active,36,,,=,8.314,-5.08,0.93,-6.53,105.12,111.66,4143.88,0.98,20,90.5,77.2,55.7,29.9,11.1,-1.8,-5.1,-8.3,4.5,-12.7
4249441,3243394,Inactive,8,,,=,57.73,-4.24,1.03,-12.21,170.35,182.56,-21.06,0.93,20,71.6,26,9.5,-13.2,-11.4,-15,-9.3,-15.2,-4.3,-13.6
4249456,3243408,Active,37,,,=,7.922,-5.1,1.48,-10.21,143.42,153.63,-173.28,0.98,30,125.8,115.7,63.5,13,3.7,-6,-9.2,-2.1,-18.1,-19.5
4249583,729671,Inactive,30,,,=,12.58,-4.9,1.39,-10.24,83.59,93.82,-29.63,0.98,20,71.2,65.7,45.4,15.5,-3.8,-9,-4.5,-7.8,-16.3,-11
4249697,3243615,Active,42,,,=,5.405,-5.27,1.19,-8.53,128.37,136.9,-53.08,0.99,20,116.5,102.3,72.5,40,1.5,-5.4,-6,-11.3,-9.2,-2.6
4249725,3243638,Active,39,,,=,6.626,-5.18,2.18,-10.46,123.8,134.26,-78.07,0.99,30,113.4,108.5,79.9,12.6,-4.8,-7.5,-12.4,-7.9,-17.2,-9.2
4249884,3243766,Active,45,,,=,4.443,-5.35,1.14,-20.44,110.23,130.67,-570.58,0.83,20,89,84.3,68.1,42.3,12,3,-51.4,-14.7,-15.2,-8.4
4249960,3243836,Active,49,,,=,3.396,-5.47,0.95,-10.27,136.51,146.78,2.05,0.99,30,120.3,106.8,85.9,52.6,17,4.9,-6.2,-6.4,-14,-8.3
4250058,6602849,Inactive,27,,,=,14.97,-4.82,0.88,-12.65,153.65,166.31,-54.15,0.99,30,105.8,79,33.8,15.8,-5.6,-3.8,-9.4,-10.4,-16.6,-14.2
4250611,3244400,Inactive,26,,,=,16.02,-4.8,2.04,-7.52,107.38,114.9,-123.43,0.98,20,99.1,78,31.1,-8.6,-10.3,-4.3,-6.7,-12.8,-6.5,0.8
4250635,3244419,Inactive,24,,,=,19.11,-4.72,1.18,-11.46,107.91,119.37,-67.39,0.98,20,86.1,63.5,32.2,6.5,-12.6,-2.9,-18.3,-8.4,-15.1,-6.4
4250669,3244448,Inactive,26,,,=,16.53,-4.78,1.45,-10.58,95.69,106.27,-121.11,0.94,30,75.5,77.6,26,10.2,-5.1,-3.1,-10,-10.6,-23.2,-9
4250756,3244522,Active,43,,,=,5.024,-5.3,1.72,-12.59,95.6,108.2,160.2,0.99,20,78.7,88.1,66.4,37.6,1,-18.3,-10.5,-9.2,-8.3,-15.4
4250776,3244540,Active,35,,,=,9.088,-5.04,2.43,-15.6,134.12,149.72,-28.36,0.99,20,115.1,115.8,61.1,-2.9,-9.6,-19.1,-11.1,-21.9,-16,-15.6
4250963,3244708,Inactive,0,,,>,30,-4.52,,,,,,,20,94.6,46.3,17.3,9.8,6.7,0.7,-1.6,-3,-12,-4.6
4251043,3244779,Inactive,31,,,=,11.55,-4.94,5.21,-0.1,111.19,111.29,-8395.75,0.98,30,108.7,112.8,37.5,9.2,4.7,-1.7,-3.5,1.3,-8.7,-1.8
4251128,3244853,Active,38,,,=,7.231,-5.14,1.35,-10.37,102.22,112.59,48.99,0.97,20,87,87.8,58.7,27.3,0.6,-6.9,-16.2,-6.7,-1.3,-17.5
4251194,66541,Active,59,,,=,1.73,-5.76,1.77,-8.8,119.52,128.33,-8.69,0.99,20,111.6,109.8,104.7,84.5,29.9,-1.6,-3.6,-8.6,-10.6,-10.3
4251210,3244925,Inactive,22,,,=,22.08,-4.66,1.28,-11.82,127.28,139.1,-223.81,0.97,29,96.9,66.9,18.1,-52.2,-9.2,-8.8,-13.2,-14.6,-10.9,-12.5
4251984,800766,Active,48,,,=,3.599,-5.44,1.61,-10.11,128.24,138.35,-17.34,0.99,30,118.8,110,100.7,45.8,9,-6.2,-10.1,-10.7,-8,-13
4251992,3245603,Inactive,32,,,=,10.76,-4.97,2.62,-11.91,121.52,133.44,-40.47,0.97,20,104,109.6,46.2,-0.2,-6.8,-8.4,-13.4,-21,-14.6,-11.1
4252059,3245662,Inactive,1,,,=,88.9,-4.05,1.44,-15.68,85.31,100.99,-101.82,0.9,30,51.6,20.4,-2.4,-13.4,-21.8,-22.1,-16.6,-12.5,-15.8,-5.5
4252145,5771507,Active,70,,,=,0.778,-6.11,0.94,-18.38,128.98,147.36,32.26,0.99,20,116.6,111.4,86.7,85.9,71.3,28.7,-3.3,-7.6,-13,-16.7
4252160,3245750,Inactive,33,,,=,10.21,-4.99,1.37,-11.15,137.08,148.23,-120.1,0.98,20,115.8,102.3,47.4,12.5,-5.6,1.2,-13.3,-11.5,-19.3,-11.5
4252281,268975,Inactive,32,,,=,10.65,-4.97,1.96,-11.81,123.34,135.15,-76.64,0.98,30,108.6,100.2,48.8,0.3,-3.9,-7.3,-10.9,-14.9,-12.1,-19.1
4252362,3245923,Inactive,28,,,=,14.11,-4.85,1.89,-8.94,121.99,130.93,-77.73,0.99,20,108.1,92.9,30.9,3.3,-5.2,-4.1,-11.9,-5.5,-14,-14.6
4254645,1300948,Active,64,,,=,1.248,-5.9,1.78,-8.16,127.27,135.43,-9.67,1,30,120.6,117.2,114.3,101.3,44.8,6.1,-5,-8.9,-11.4,-6.2
4254778,1292336,Active,46,,,=,4.077,-5.39,1.13,-11.27,118.29,129.56,-52.95,0.99,30,105.4,97,74.8,49.2,12.4,-5.6,-11.5,-7.6,-9.1,-11.5
4256075,1247392,Inactive,26,,,=,16.54,-4.78,2.52,-9.37,131.63,141,-138.41,0.98,30,119.7,98.1,16.5,2.2,-14.1,-3.4,-17,-10.3,-12.7,-6.6
4256120,756028,Active,81,,,=,0.385,-6.41,1.44,-10.19,105.61,115.81,-75.3,0.99,30,89.3,94.7,99.2,94.9,81.6,49.9,11.6,1.6,-13.2,-10.2
4256168,1508818,Active,39,,,=,6.862,-5.16,0.71,-11.06,147.33,158.39,351.87,0.98,30,108.8,92.3,57.4,35.7,11.7,8.3,-13.1,-5.4,-14.4,-6.1
4256339,1093756,Inactive,7,,,=,58.72,-4.23,1.1,-8.09,708.39,716.48,-27.92,0.98,20,85.4,22.4,2.4,-7.5,-6.5,-6,-7.3,-8.6,-10.7,-7
4256345,2952584,Active,39,,,=,6.554,-5.18,1.99,-21.42,148.19,169.6,-285.33,0.95,30,126.8,118.7,84.6,7.9,-12.7,-12.1,-35.9,-7.3,-33,-20.9
4256356,936105,Active,55,,,=,2.206,-5.66,1.15,-12.2,132.64,144.84,78.45,0.98,30,117.7,113.6,102.6,62.8,33.8,-4.2,-6.6,-6.6,-11.7,-15
4256514,1091853,Active,97,,,=,0.126,-6.9,1.24,-9.89,114.15,124.04,-89.38,1,30,100.7,105.5,105.1,103.3,99.7,81.5,52,16.7,-4.4,-6.1
4256652,5425515,Inactive,31,,,=,11.65,-4.93,2.37,-1.57,98.87,100.44,-1127.74,0.97,30,95.2,91.4,43.2,7.3,-5.1,-5,8.2,-1.3,1.6,-9.7
4256783,1253064,Inactive,14,,,=,36.21,-4.44,1.34,-3.53,60.1,63.63,-121.09,0.93,27,21.3,49.4,31.6,14.8,-0.4,-4.7,-8.1,-5.4,-2,4
4256833,2227998,Inactive,7,,,=,58.02,-4.24,1.43,-4.56,94.03,98.59,-166.6,0.96,30,64.7,30.3,5.1,-1.7,-4.1,-0.5,-2.5,-1.8,-9.1,-8.9
4257003,2954481,Active,60,,,=,1.587,-5.8,1.05,-8.54,117.18,125.72,-111.66,1,30,105.4,104.9,95.4,73,40,14.1,-2.5,1,-10.3,-10.8
4258029,701067,Inactive,32,,,>,10,-5,,,,,,,30,126.2,126.6,114.5,-29.1,-36.9,-17.2,-15.9,-14.2,-23.8,-4.4
4258673,976135,Active,89,,,=,0.226,-6.65,0.66,-28.18,137.9,166.08,13.12,0.99,30,107.7,106.1,100.7,96.7,78.7,61.9,40.5,10.5,-1.7,-15.5
4258880,2205097,Active,36,,,=,8.497,-5.07,1.15,-6.72,101.91,108.62,-109.89,0.97,30,84.2,90.9,50.1,24.9,7.7,-1.1,-2.2,-6.4,-15.3,-4.8
4259339,5740802,Inactive,16,,,>,10,-5,,,,,,,30,125.5,106.6,-17.7,-26.6,-26.8,-15.2,-11.4,-12.9,-16.8,-10.6
4259396,898510,Active,37,,,=,7.755,-5.11,1.12,-11.95,121.17,133.12,127.06,0.99,30,101,91.6,60.3,21.8,4.2,-4,-14,-9.7,-13.4,-13
4259509,2945168,Inactive,0,,,>,30,-4.52,,,,,,,30,97.3,17.2,-4.6,-4.3,-17.1,-12.5,-23,-15,-17,-22.1
4259745,5383583,Inactive,16,,,>,10,-5,,,,,,,30,72.7,77.5,8.7,-32.3,-41.4,-32.8,-28.9,-18.2,-26.5,-25.7
4259815,885723,Inactive,0,,,>,95,-4.02,,-17.35,22.11,39.46,,,30,2,-5.4,-7.5,-14.3,-21.1,-10.7,-24.8,-11.8,-21.6,-13.6
4259886,890649,Inactive,21,,,=,23.51,-4.63,1.84,-11.43,148.27,159.7,-85.58,0.98,30,122.1,70.9,6.7,-1.4,-10.5,-8.7,-15.6,-11.4,-18.9,-7.8
4260079,2191946,Active,56,,,=,2.063,-5.69,0.99,-10.56,120.38,130.94,-68.91,0.99,30,105.6,103.2,89.4,71.1,24.7,13.5,-0.5,-1.9,-10.9,-17.2
4260170,750580,Active,65,,,=,1.136,-5.94,0.88,-15.33,113.75,129.08,43.18,0.99,30,98.5,93.2,87.8,70.8,52.1,28.2,-2.1,-5,-15.5,-10.3
4260436,2242601,Active,61,,,=,1.52,-5.82,1.01,-6.24,113.32,119.56,3.2,1,30,104,103.2,94.1,70.9,43.8,16.5,1,-1.8,-4.6,-7
4260495,935245,Active,68,,,=,0.935,-6.03,1.08,-13.38,113.3,126.68,-9.71,1,30,91.7,103.9,95.7,83.6,54.1,24.3,2.8,-4.4,-17.3,-11.9
4260778,2959465,Inactive,25,,,=,17.48,-4.76,2.76,-6.82,131.25,138.07,-143.86,0.99,30,122.6,98.4,13.1,2.2,-6.5,-2.7,-12.1,-4.3,-12.9,-9.2
4261023,992688,Active,51,,,=,2.874,-5.54,1.54,-1.62,121.87,123.49,-278.53,0.99,30,119,115.3,104.1,57.1,19.2,3.8,-3.4,-3.4,5.1,-6
4261086,973892,Active,53,,,=,2.551,-5.59,1.77,-1.8,122.71,124.5,-362.66,0.99,30,121.1,117.1,110.8,66.1,18.7,-1.6,8.4,0.8,-9.1,-4.7
4261214,716459,Active,66,,,=,1.066,-5.97,0.87,-18.85,123.16,142.01,42.42,1,30,104.2,98.9,90.4,77.6,53.2,25.8,-2.9,-6.3,-16.5,-17
4261674,1294876,Active,33,,,=,9.838,-5.01,0.83,-8.91,175.14,184.05,-144.68,0.98,30,122.2,102.4,39.2,26.5,5.6,7.1,-13,-3,-14.2,-10.8
4261757,2055944,Inactive,30,,,=,12.56,-4.9,0.74,-11.75,110,121.75,-167.36,0.96,29,83.5,33.2,42.4,32.9,7.5,-5.6,-15.2,-0.8,-11.8,-10.2
4261778,972882,Active,33,,,=,9.834,-5.01,2.46,-13.35,137.52,150.87,-119.71,0.98,30,122.9,116.6,55.7,-3.9,-12.2,-15.1,-14.8,-5.8,-17.5,-14.6
4262488,1245716,Active,40,,,=,6.128,-5.21,1.36,-12.52,140.74,153.26,-164.6,0.99,30,122.5,113.7,75.5,23.6,3.8,-13.9,-8.6,-7.2,-19.3,-13.6
4262822,876225,Active,40,,,=,6.365,-5.2,0.99,-16.77,102.12,118.88,-24.62,0.99,30,78.7,82.2,54.7,39,7.3,-1.4,-20.1,-12.1,-15.8,-16.6
4262868,1246117,Active,43,,,=,5.18,-5.29,1.14,-5.18,138.93,144.11,-268.78,0.99,30,124.4,114.3,77.9,32.6,13.5,3,-6.4,-0.3,-8.8,-7.7
4263137,913909,Active,39,,,=,6.592,-5.18,1.88,-9.04,79.47,88.5,-244.07,0.98,30,65.7,74,60.3,27.6,0.5,-8.1,-12.3,-5.2,-12.4,-7
4263295,108661,Active,67,,,=,0.981,-6.01,1.09,-14.76,120.64,135.4,-71.41,1,30,106.7,103.6,96,85.8,54.7,23.8,-4,-10.2,-13.6,-12.8
4264941,984852,Active,36,,,=,8.201,-5.09,0.66,-16.66,126.02,142.67,-1313.54,0.98,30,93.6,69.5,56.4,37.9,9.1,1.6,-12.6,-8.2,-19.2,-11.6
4265306,2957275,Inactive,30,,,=,12.73,-4.9,1.64,-13.88,131.14,145.02,-1458.52,0.97,28,74.6,99.5,32.7,8.6,-12.1,-21.5,-17.1,-10,-19.7,-18.5
4265471,2193273,Inactive,16,,,=,33.22,-4.48,1.48,-11.89,124.29,136.18,-61.05,0.97,30,90.5,48.3,5.7,-3.5,-15.3,-8.5,-16.9,-5,-18.3,-8.9
4265481,2302047,Active,47,,,=,3.774,-5.42,0.74,-14.06,152.65,166.71,-51.04,0.99,30,119.7,109.1,72.5,52.8,19.1,8,-13,-2,-16.8,-12
4265620,2944643,Active,35,,,=,8.626,-5.06,1.92,-4.29,129,133.29,-175.6,0.99,30,118.7,118,58.5,14.8,-0.2,-7.6,-11,-7.4,-4.2,4.6
4265676,2215161,Active,50,,,=,3.187,-5.5,1.92,-1.86,127.7,129.56,-1508.29,0.99,30,122.2,121.9,117.9,49.4,17.8,6.2,4,-3.7,-12.4,-6.2
4265694,2243275,Active,67,,,=,0.999,-6,1.2,-11.53,114.16,125.7,-89.72,1,30,102.4,103,95,84.2,55.8,21.5,-5.6,-4.2,-12,-11.2
4265767,2227364,Active,37,,,=,7.434,-5.13,1.68,-18.26,150.75,169,-44.54,0.99,30,128.8,119.7,72.3,7.7,-5.4,-18.5,-11.5,-21.5,-19.7,-24.2
7964695,6324537,Active,56,,,=,2.139,-5.67,1.57,-3.71,113.29,117,-141.79,0.99,30,112.1,106.3,98,72.5,26.2,0.5,-4,1.4,-8,-1
7964751,713221,Inactive,25,,,=,18,-4.74,1.21,-13.72,147.58,161.3,382.08,0.98,30,110.4,79.3,21.4,6,-7.1,-9.9,-18.8,-7.9,-13.9,-20.9
7964759,5307213,Active,41,,,=,5.969,-5.22,1.21,-8.53,112.99,121.52,-139.12,0.98,30,98.9,94.7,68.9,30.2,7.2,-0.7,-8.3,-5,-11.5,-11
7964828,715594,Active,65,,,=,1.124,-5.95,1.1,-10.84,115.97,126.81,118.33,1,30,102.8,105.2,94.9,83.1,49,21.6,0,-10.9,-10.9,-6.9
7964838,1296154,Inactive,29,,,=,13.06,-4.88,2.75,-0.07,117.41,117.48,-11117.9,0.99,30,115.4,106.8,32.8,10.3,-0.9,-3.2,-0.6,4,-4.4,-2.2
7965026,5307374,Inactive,26,,,=,16.52,-4.78,2.14,-7.18,126.94,134.12,-188.79,0.98,30,116.3,90,23.7,-4.5,-7.5,-6.4,-2.6,-13.2,-2.9,-9.2
7965065,3155818,Inactive,33,,,=,10.02,-5,2.14,-13.51,123.12,136.63,-75.04,0.99,30,105.7,104.6,51.6,1.1,-9.9,-13.4,-16,-10,-12.4,-19.2
7965230,5307495,Active,41,,,=,5.987,-5.22,2.33,-22.04,135.57,157.61,-18.13,0.99,30,117.3,106.1,89.2,10.5,-16,-21.8,-29,-26.7,-18,-16.4
7965302,5307541,Inactive,16,,,>,10,-5,,,,,,,30,109.7,95,-29.7,-17.6,-22.3,-17.3,-13.9,-11.1,-9.9,-3.8
7965321,5307557,Inactive,0,,,>,95,-4.02,,,,,,,20,2.7,-12.3,-4.1,-16.4,-17.4,-18.8,-13.3,-8.1,-16.6,-4.6
7965349,5307572,Inactive,26,,,=,15.91,-4.8,1.45,-11.54,109.61,121.15,-10.86,0.97,30,90,77.7,29,8,-11.1,-7,-18.7,-2.9,-19.9,-8.6
7965595,4457834,Active,72,,,=,0.685,-6.16,1.21,0.17,108.12,107.95,610.4,0.99,30,110,105.3,103.3,93.9,66.7,33.9,11.2,-1.3,7.6,-2
7965604,5142655,Inactive,16,,,>,10,-5,,,,,,,30,37.7,58.9,13.7,0.3,-1.6,-4.6,-0.8,-18.9,-5.7,-6.2
7965619,5307729,Inactive,0,,,>,95,-4.02,,,,,,,30,-9,-8.6,-12.9,-8.9,-16,-21.8,-15.2,-11,-18.5,-9.2
7965721,5307791,Inactive,0,,,>,30,-4.52,,,,,,,30,59.9,16.4,-3.6,-8.1,-12.3,-12.5,-16.9,-15,-19.9,-11
7965821,1367387,Active,49,,,=,3.449,-5.46,0.55,-17.88,173.49,191.38,-130.33,0.99,30,122.2,96.1,79.7,52.9,24.6,7.4,1.3,-8,-5.8,-21
7965841,5307865,Inactive,0,,,>,95,-4.02,,-5.51,39,44.51,,,30,31.4,21.6,7.5,-3.6,-6.7,-10.8,-0.7,0.7,-5.3,-9.6
7965996,6324551,Active,46,,,=,4.074,-5.39,1.29,1.3,111.14,109.84,410.07,0.99,30,110.3,102.8,82,45.2,16.5,2.4,9.8,-2.3,-0.6,2.4
7966015,1263400,Active,33,,,=,9.828,-5.01,2.19,-9.33,130.75,140.08,3.83,0.99,30,115.9,116.5,51.7,7.1,-10.6,-5.5,-11.4,-7,-17.7,-6.9
7966131,5308036,Active,42,,,=,5.653,-5.25,1.04,-12.21,127.48,139.68,-65.86,0.99,30,109.4,94.1,72.7,33.5,5.1,2.5,-15.3,-11.1,-13.7,-10.1
7966191,5308071,Active,51,,,=,2.916,-5.54,1.11,-0.28,123.89,124.17,-1268.75,0.99,20,123.6,108.1,89,63.6,16.8,8.6,5.8,5.9,-3.3,-3.1
7966222,5308093,Inactive,0,,,>,95,-4.02,,,,,,,30,36.9,25.7,1.3,1.6,-2.3,-4.1,-6.1,-2.5,-9.6,-10.4
7966248,5308111,Active,38,,,=,7.421,-5.13,0.93,-14.63,151.62,166.25,1018.79,0.94,30,111.5,116.1,51,18.5,20.8,-9.5,-10.9,-17.3,-13.9,-18.6
7966271,5308125,Active,34,,,=,9.375,-5.03,1.6,-0.56,134.48,135.04,-3776.62,0.98,30,123.7,117.5,46.9,23.8,6.5,-3.5,2.9,0,-2.4,-7.8
7966305,5308146,Inactive,23,,,=,20.15,-4.7,0.87,-15.84,180.23,196.07,-40.37,0.98,30,106.5,74.4,17.9,7.4,-1.1,-7.7,-18.4,-17.3,-19.9,-14.4
7966332,912352,Active,67,,,=,1.018,-5.99,1.54,-14.67,101.95,116.61,-48.04,0.99,30,85.4,84.6,90.1,80,53.1,16.4,-9.3,-15,-13.1,-13.8
7966373,5308191,Inactive,30,,,=,12.75,-4.89,1.44,-7.78,137.45,145.23,-56.4,0.99,30,118.1,96.4,36,11.5,-4.3,-2.4,-8.8,-9.9,-10.4,-9.2
7966417,5308217,Inactive,32,,,=,11.15,-4.95,1.32,-11.49,140.76,152.25,-115.71,0.98,30,117.4,98.7,44.3,8.1,1.6,-10.3,-10.6,-15.4,-8.4,-16.8
7966605,5308330,Active,34,,,=,9.593,-5.02,1.94,-5.02,98.22,103.24,-232.5,0.97,30,83.7,98,49.8,11.8,6.4,-2.5,-5.5,-13.8,-4.1,-8.5
7966606,912578,Active,67,,,=,1.01,-6,1.26,-18.49,118.89,137.38,-35.38,0.99,30,98.6,101.3,94.3,87,53.4,17.8,-8.5,-14,-19.9,-17.2
7966621,5308339,Active,34,,,=,9.703,-5.01,1.88,-14.42,139.8,154.21,75.36,0.99,30,122.9,110,55.6,0.6,-10.5,-7.2,-6.9,-15.3,-23.2,-20.2
7966699,5308388,Inactive,25,,,=,18.02,-4.74,1.98,-4.72,110.07,114.79,-313.54,0.98,29,101.2,78.4,22.8,-0.2,0.9,-19.3,-2.6,-4.2,-6.9,-12.1
7966725,4092553,Inactive,16,,,>,30,-4.52,,,,,,,30,113.9,67.4,33.4,22.5,-1.6,-5.6,-18.6,-11.3,-26.2,-22.9
7966726,3457780,Inactive,31,,,=,11.45,-4.94,1.13,0.95,120.5,119.55,334.96,0.99,30,106.3,85.7,44.2,22.5,5.3,4.6,0.5,5.2,-2.7,0.1
7966811,1263277,Active,44,,,=,4.902,-5.31,1.11,-21.15,109.31,130.47,-106.91,0.95,30,92.5,75.3,64.5,44.7,8.6,-8.3,-33.2,-12.6,-19.9,-16.8
7966900,5308505,Active,34,,,=,9.494,-5.02,1.4,-16.97,138.3,155.27,-57.85,0.98,30,112,105.2,50.7,9.9,-6.2,-11.6,-12.9,-23,-23.8,-14.8
7966906,912581,Active,61,,,=,1.445,-5.84,1.77,-4.3,98.41,102.7,-356.02,0.98,30,96.3,96,87.8,78.5,42.8,5.8,-9.9,-5.4,-10.3,10.2
7966930,4092554,Inactive,28,,,=,14.71,-4.83,2.13,-11.29,138.93,150.22,-292.2,0.97,30,121.6,105,21.1,10.9,-1.9,-16.4,-17.4,-11.4,-18.3,-14.2
7966947,1147635,Inactive,26,,,=,16.73,-4.78,1.64,-11.47,138.39,149.86,-164.25,0.98,30,116.5,87.3,21.8,4.3,-12,-4.6,-14.2,-9.7,-16.7,-14.7
7967067,5308604,Inactive,28,,,=,14.65,-4.83,1.65,-15.35,142.43,157.78,-108.89,0.98,30,118.4,94.4,28.3,-0.7,-10,-11.8,-15.1,-18,-22.7,-14.2
7967243,5308706,Inactive,25,,,=,17.47,-4.76,3.43,-12.07,125.03,137.1,-115.46,0.98,30,112.4,98.6,6.3,-7,-10,-12.3,-14.3,-11.1,-19.1,-9.9
7967308,5308744,Active,52,,,=,2.781,-5.56,2.83,-16.85,121.45,138.31,-80.12,0.99,30,107.4,104.3,99.5,69.1,-4.8,-24.5,-19.7,-14.4,-11.4,-14
7967369,5308787,Active,43,,,=,5.062,-5.3,2.83,-12.92,110.08,123,-74.83,0.98,30,92.4,100.3,89.3,21.4,-3.8,-9.2,-11.6,-14.5,-20,-15.1
7967628,5308937,Inactive,12,,,=,43.31,-4.36,0.98,-2.61,237.99,240.61,-122.91,0.98,30,88,38.7,12.6,3.7,-1.3,-1.4,-2.5,-0.1,-5.8,-2
7967723,4103309,Active,53,,,=,2.547,-5.59,1.3,-5.69,100.53,106.22,-12.26,0.98,30,86.8,100.6,84,55.8,31.3,-2.3,1.8,-7.7,-1.6,-8.5
7967825,5309053,Inactive,0,,,>,95,-4.02,,,,,,,30,30.7,13.9,13.2,-1,6.9,-9.6,-7.2,-9.2,-5.1,-14.3
7968004,5309164,Inactive,26,,,=,16.07,-4.79,2.14,0.01,114.36,114.34,43289,0.98,30,110.1,89.9,24,14.2,0.2,-4.5,-9.3,-0.1,-0.7,6.6
7968328,1521281,Active,41,,,=,5.868,-5.23,1.38,-5.93,105.91,111.84,-79.97,0.99,30,98.4,91.3,68.8,33.8,2.9,-3.5,-1.7,-2.2,-11.8,-5.5
7968407,727593,Active,62,,,=,1.435,-5.84,1.29,-13.69,144.08,157.77,6.87,0.99,30,130.6,125,117.2,94.2,33.8,12.7,-11.5,-9.8,-11.2,-19.3
7968431,4613970,Inactive,29,,,=,13.4,-4.87,4.2,-11.56,117.77,129.33,-32.98,0.99,20,105.6,104,22.2,-7.7,-12.7,-11.6,-11.3,-8.6,-11.4,-17
7968588,925735,Active,40,,,=,6.169,-5.21,1.23,-15.14,109.09,124.24,-6.87,0.99,30,89.9,88.4,62.3,34.6,-1,-7.7,-13.3,-13.1,-19.7,-13
7968658,5309527,Inactive,0,,,>,95,-4.02,,-2.39,117.82,120.2,,,19,52,32,16.7,7.6,-39.3,-0.2,-5.4,-1.9,0.5,-2
7968743,5309578,Inactive,32,,,=,10.67,-4.97,0.9,-2.39,151.15,153.54,-451.6,0.98,30,115.4,92.1,42.8,24.6,8.2,6.5,0.5,-0.6,-10.7,-1
7968791,5309605,Active,55,,,=,2.276,-5.64,1.34,-8.25,114.96,123.21,-18.76,1,30,108.7,102.9,89.5,69.8,24.5,0.9,-5,-6.8,-9.2,-7.6
7968823,1262214,Active,37,,,=,7.769,-5.11,1.35,-13.66,129.2,142.87,0.55,0.97,30,115,90.7,70.4,12.1,-1.8,-6.9,-13.2,-12.9,-13.3,-18.9
7968913,5309667,Active,50,,,=,3.08,-5.51,1.27,-1.8,103.53,105.33,4299.34,0.98,30,100.2,97,83,57.3,15.2,14.7,-4.1,3.1,-6,-2.8
7968942,5309682,Inactive,11,,,=,44.32,-4.35,1.15,-13.22,85.29,98.51,-327.12,0.91,29,61.3,-55.2,17.2,-1.5,-8.9,-15.1,-11.7,-8.2,-20.7,-9.7
7969004,5309717,Active,43,,,=,5.056,-5.3,1.93,-1.93,112.35,114.28,-319.77,0.99,30,104.6,112.7,85.8,29.7,8.6,5.3,-5.1,1,-10.8,-2.7
7969054,3429051,Inactive,0,,,>,95,-4.02,,,,,,,30,19.9,9,-5.8,-1.6,-4.4,-5.8,-16.3,-9.2,-20.8,-25.1
7969091,3156036,Active,100,,,=,0.107,-6.97,1.09,-14.83,116.26,131.09,-1266.15,0.99,30,101.1,102.3,100.2,101.3,95.3,78.4,56.8,28.9,-13,-2.9
7969144,1262216,Inactive,0,,,>,95,-4.02,,-13.52,46.48,60,,,30,17.5,51.8,12,5.1,-6.2,-6.9,-17.7,-10.9,-21.7,-10.1
7969343,5309912,Inactive,29,,,=,12.89,-4.89,2.68,-0.98,116.79,117.77,-1385.28,0.97,29,112.8,106.8,33,13.7,-2.9,-5.4,-5,-18.9,-6.9,2.7
7969351,5309919,Inactive,0,,,>,30,-4.52,,,,,,,30,63.1,1.6,-2.9,-2,-6.1,-12,-6.4,-7,0.5,1.7
7969559,5000908,Active,38,,,=,7.033,-5.15,1.09,-7.97,133.05,141.02,-104.4,0.97,30,110,109.4,57.9,26.1,9.4,1.3,-1.8,-15.7,-12.4,-6.5
7969707,4891472,Inactive,24,,,=,18.82,-4.73,1.65,-14.34,138.01,152.35,-21.18,0.99,20,113.6,78.6,20.7,-9.2,-7.9,-12.1,-15.3,-12.7,-13.5,-21.2
7969983,1356309,Inactive,16,,,>,10,-5,,,,,,,27,21.7,102.5,34.5,13.6,-1,-2.6,-6.3,-1.7,-3.2,-3.7
7970285,2158847,Inactive,11,,,=,45.17,-4.35,1.37,-14.7,323.92,338.62,-91.85,0.98,29,118,28.7,-5.7,-0.2,-13.7,-12.4,-18.2,-11.3,-18.6,-14.8
7970311,2155043,Inactive,32,,,=,10.63,-4.97,1.55,-16.91,146.35,163.26,197.35,0.98,30,118.7,113.2,39.6,14.5,-20.6,-10.1,-18.3,-15.8,-20.5,-18.1
7970373,5310198,Inactive,0,,,>,30,-4.52,,,,,,,30,55.5,21.8,11.6,-2.7,-1.1,3.6,-7.5,-11.2,-8.4,-7.8
7970529,3688225,Inactive,0,,,>,30,-4.52,,,,,,,29,70.6,30.7,12.3,4.9,2.3,-36.2,-10.9,-4,-6.7,-3.9
7970551,5310246,Inactive,16,,,>,10,-5,,,,,,,18,69,79.4,34.7,3.9,-19.7,5.8,-66.6,-3.9,-7.8,-8.3
7970705,4276367,Inactive,23,,,=,20.09,-4.7,1.07,-13,226.95,239.94,-476.74,0.98,30,139.3,72.8,27,-1.8,-10.4,-14.3,-19.3,-13.9,-4.8,-9.7
7970738,866501,Inactive,0,,,>,95,-4.02,,-12.04,71.95,83.99,,,19,41.1,25,10.4,1.1,-7.6,-13,-40.1,-8.1,-7,-15.5
7970816,5310309,Inactive,0,,,>,30,-4.52,,,,,,,20,85,20.6,4.4,-2.7,-7.5,-6.8,-6.2,-7.9,-2.3,-5.6
7971148,3260619,Active,35,,,=,8.806,-5.06,1.3,-7.65,142.42,150.07,-76.32,0.99,19,121.4,113,49,-20.2,3.1,-10.4,-7.7,-0.6,-11.6,-11.3
7971377,3309622,Inactive,28,,,=,14.66,-4.83,0.77,-19.25,140.61,159.86,-94.01,0.98,30,95.2,67,44.5,13.6,-1.2,-10.8,-21.2,-15.3,-22.4,-13.6
7971502,796599,Inactive,28,,,=,14.41,-4.84,1.94,-13.59,138.42,152.01,-95.16,0.99,30,118.5,100.8,25.3,3.3,-8.7,-10.8,-18.5,-11.9,-20.6,-16.3
7971534,5310495,Inactive,20,,,=,24.02,-4.62,0.52,-14.73,2004.94,2019.67,-338.76,0.98,30,114,55.8,31.7,14.8,-6.4,-8.3,-14.5,-7.3,-20,-6.8
7971572,4441495,Inactive,33,,,=,10.06,-5,1.59,-4.35,130.34,134.69,-295.46,0.98,30,115.8,111.5,43.7,18.4,4.3,0.3,-2.7,-9.5,-7.9,-9.8
7971575,4673924,Inactive,23,,,=,19.9,-4.7,1.11,-10.66,144.58,155.24,-69.13,0.97,30,105,70.4,24.4,4.8,-4,-8.6,-10.1,-12.9,-14,-8
7971882,4347363,Active,47,,,=,4.01,-5.4,1.51,-5.69,73.26,78.95,102.44,0.91,30,42.3,83,78.4,37.6,19.9,7,-2,-16.4,-3.4,-4.5
7971980,773928,Active,36,,,=,8.305,-5.08,0.9,-19.71,130.63,150.34,-8.01,0.99,20,97.9,88.3,51.8,28.7,1.5,-10.3,-18.6,-23.4,-17.2,-15.7
7972021,869896,Inactive,14,,,=,36.99,-4.43,0.49,-11.82,220.42,232.24,-107.05,0.96,29,71.5,49.3,26,8.5,8.7,-0.9,-9.4,-1.3,-7.7,-17.8
7972063,6858836,Active,39,,,=,6.533,-5.18,0.88,-11.8,132.91,144.7,-47.52,0.99,30,107.4,92,66,29.7,9.1,-0.2,-4.9,-10.3,-15.7,-11.4
7972143,90866,Inactive,30,,,=,12.33,-4.91,1.22,-10.51,152.43,162.93,-69.6,0.98,30,122.8,97.9,36,14.4,-5.1,-3.7,-10.8,-10.4,-12.2,-15.3
7972257,1325823,Inactive,0,,,>,95,-4.02,,-19.19,26.74,45.93,,,20,3.7,1.3,-5.9,-14.4,-14.5,-16.5,-19.5,-16.6,-24.2,-17.5
7972309,887455,Active,53,,,=,2.66,-5.58,1.01,-16.34,119.06,135.41,18.4,0.99,20,97.8,99.8,81.1,58.4,24.3,7.8,-16.2,-16.5,-14.3,-12.8
7972470,2911166,Active,39,,,=,6.822,-5.17,1.11,-11.75,151.03,162.78,-6.49,0.99,30,124.6,115.4,63.4,25.3,4.2,-3.5,-5.7,-16.5,-14.3,-13.4
7972582,2877644,Inactive,0,,,>,95,-4.02,,-16.57,50.03,66.59,,,30,29.4,10,-9.4,-22.6,-14.2,-14.3,-12,-21.8,-13.2,-18.5
7972602,613157,Inactive,30,,,=,12.14,-4.92,2.41,-17.86,144.44,162.3,-55.65,0.99,30,123.9,114.2,36.7,-7.2,-18.6,-21.3,-20.2,-13.5,-19,-17.5
7972636,2252413,Inactive,18,,,=,28.94,-4.54,1.61,-6.37,144.18,150.55,-235.54,0.97,30,110.8,55.2,9.2,-0.5,-12,2.7,-16.9,-0.6,-8,-5.1
7972728,6860069,Active,77,,,=,0.502,-6.3,1.76,-7.39,126.22,133.61,2.15,1,20,121.1,117.6,117.2,114.6,90.4,38.9,-1.9,-5.2,-9.9,-3.1
7972861,2197921,Inactive,0,,,>,30,-4.52,,,,,,,27,18,49.9,-6.9,-11.9,-12.7,-17.3,-14.3,-23.9,-15.3,-19.9
7972885,2828444,Inactive,22,,,=,20.9,-4.68,0.95,-8.21,184.39,192.6,-130.83,0.98,30,114.4,64.1,32.9,2.9,-5.2,-9.8,-2.8,-5,-6.8,-11.4
7973195,1125853,Inactive,0,,,>,95,-4.02,,-9.44,39.65,49.09,,,30,21.8,12.3,3.6,-1.5,-8,-10.6,-12,-7.1,-4.4,-12
7973292,2904443,Inactive,32,,,=,11.04,-4.96,1.45,-10.56,95.75,106.3,-110.12,0.97,30,77.1,83.7,43.7,13.8,-0.8,-8.4,-6.4,-15.5,-10.8,-13.2
7973332,2057670,Inactive,32,,,=,10.63,-4.97,0.57,-12.32,225.44,237.76,-49508.4,0.99,30,116.8,81.4,49.6,27.1,7.4,2.9,-9,-6.4,-10.9,-11.3
7973456,698884,Inactive,0,,,>,95,-4.02,,,,,,,30,14.6,11.6,-0.7,7.6,-7.1,2.1,-9,-3.9,-5.6,0.9
7973549,2223604,Inactive,29,,,=,13.65,-4.86,3.4,-2,121.31,123.31,-1604.48,0.97,30,117.5,112.7,25.6,15.4,3.2,-0.2,-4.6,-6.6,-5.5,-13.7
7973609,1515332,Inactive,0,,,>,95,-4.02,,,,,,,20,-170.2,-70.1,-67.5,-18.2,-22.4,-25.1,-18.9,-13.9,-33.4,-17.9
7973622,2855400,Active,49,,,=,3.423,-5.47,0.39,-21.49,203.77,225.26,-18.48,0.99,30,116,87.9,73,51.4,35.8,13.9,5.4,-6,-8.2,-11.7
7973985,721948,Active,37,,,=,7.911,-5.1,1.18,-14.69,145.63,160.32,-69.5,0.99,20,116.8,112.6,54.3,21.9,0.6,-11.2,-12.8,-18.6,-14.1,-15.6
7974066,1316078,Active,56,,,=,2.136,-5.67,1.76,-13.62,121.24,134.86,-43.1,0.99,30,118.1,100.8,93.9,78.4,18.5,-8.7,-10.9,-15.1,-7.6,-17.9
7974080,1361318,Inactive,0,,,>,95,-4.02,,,,,,,30,-15.5,-14,-17,-15.7,-10.7,-24.8,-1.8,-10.8,-2.5,-3
7974175,867086,Active,45,,,=,4.415,-5.36,1.22,0.44,103.87,103.43,903.15,0.99,30,99.8,97.7,75.2,42,17.4,6.3,1.7,-2,-1.8,4.2
7974418,2296209,Inactive,30,,,=,12.14,-4.92,1.03,-15.02,154.22,169.23,-17.79,0.99,20,113.7,96.4,34.1,14.6,0.2,-9.8,-13.8,-16.6,-19.7,-14.8
7974422,2918437,Inactive,26,,,=,16.35,-4.79,2.47,-7.26,136.34,143.6,-147.64,0.99,30,126.1,101.2,17.7,3.8,-4.1,-4.5,-8.3,-9.9,-9.8,-14.3
7974676,870804,Active,41,,,=,6.013,-5.22,2.39,-10.59,108.91,119.5,-54.09,0.97,30,98.4,96.1,80.3,16.6,-3.3,-17.5,-11.2,-7.8,-7.6,-12.5
7974677,1158633,Inactive,13,,,=,38.81,-4.41,1.81,-19.86,156.45,176.32,-31.84,0.98,20,105.7,36.5,-9.9,-14.4,-21.6,-17.2,-23.1,-10.6,-27.8,-21.6
7974678,2854508,Active,81,,,>,0.3,-6.52,,,,,,,20,108.1,98.6,91,85.1,74.8,64.2,48.3,42.7,16.6,3.6
7974772,5732042,Inactive,24,,,=,18.19,-4.74,3.43,-15.87,144.43,160.31,50.29,0.99,30,128.1,106.6,1.1,-21.4,-10.8,-15.5,-14.9,-14.7,-18,-15.8
7974824,2277133,Inactive,0,,,>,95,-4.02,,,,,,,20,-7.1,-8.1,-22.6,-18.6,-13.4,-18.5,-22.2,-19.2,-20.6,-8.9
7974881,2259039,Active,57,,,=,1.91,-5.72,1.14,-15.37,113.98,129.35,-11.11,0.99,20,96.6,97.2,85.4,70.8,32.3,4.3,-6.9,-6.9,-18.8,-18.1
7974907,750885,Inactive,23,,,=,20.53,-4.69,0.74,-15.59,249.3,264.89,-45.71,0.98,20,115,67.8,26.1,8.9,-0.3,-18.5,-16.1,-7.2,-21,-11.9
7974942,1347824,Inactive,30,,,=,12.51,-4.9,0.68,-7.85,232.83,240.67,-136.99,0.99,30,124.4,82.5,43.7,20.4,9.2,-2.4,-3.5,-11.2,-2.4,-8.4
7975116,721057,Inactive,29,,,=,13,-4.89,0.72,-21.31,192.48,213.79,-224.85,0.97,20,111.5,92,32.3,12.3,3,-8.4,-14.8,-18.8,-21.7,-27.2
7975125,6860057,Active,70,,,=,0.803,-6.1,1.15,-11.94,136.51,148.45,107.56,1,20,124.5,120.9,116.1,102.2,62.7,26.7,-4.8,2.9,-14.2,-14.9
7975142,877519,Active,36,,,=,8.058,-5.09,1.8,-3.91,124.42,128.34,-1022.24,0.96,30,114.6,114.1,61.8,16.5,1.9,1.6,-20.8,1.3,0.8,-5.8
7975174,1160939,Active,48,,,=,3.628,-5.44,1,-5.7,131.37,137.08,-66.22,0.99,30,116.2,112,85.1,44.4,22.5,5.4,-2.4,-1.4,-8.4,-7.4
7975247,1189450,Inactive,27,,,=,15.15,-4.82,0.95,-15.1,125.21,140.31,-93.65,0.98,30,94.3,67.2,42.9,11.1,-6.8,-14.1,-6.8,-14.8,-18.3,-14
7975264,888352,Inactive,0,,,>,95,-4.02,,-19.8,35.56,55.36,,,20,15.1,5.4,-16.6,-17.3,-21.8,-15.1,-13.7,-18.8,-36.5,-15
7975274,1625575,Inactive,32,,,>,10,-5,,,,,,,30,118.7,120.4,63.3,-22.6,-22,-21,-12,-16.6,-6.7,-16.8
7975305,745328,Inactive,22,,,=,21.72,-4.66,0.93,-6.12,199.61,205.73,-334.01,0.97,30,114.3,70.1,18,11.5,0.5,6.9,-6.8,-9.2,-5.9,-13.5
7975500,2227567,Inactive,21,,,=,23.39,-4.63,0.53,-12.42,208.15,220.57,-99.15,0.97,30,84.3,64.5,28.2,10.7,5,1.9,-1.9,-10.3,-8.7,-18.3
7975641,2927276,Inactive,28,,,=,14.04,-4.85,5.87,-11.85,124.66,136.51,-113.74,0.98,30,112.4,112.1,7.6,-0.7,-5.8,-14.5,-11.7,-15.8,-19.6,-14.7
7975733,876417,Active,57,,,=,1.965,-5.71,1.27,-9.41,112.55,121.96,-37.45,0.99,30,101.7,102.5,89.8,71,31.1,5.7,-6.9,-7.7,-9.4,-9
7975823,1870954,Inactive,23,,,=,19.79,-4.7,0.71,-23.75,235.24,258.99,7.55,0.96,20,113.6,69,23.9,12.8,-9.9,-22.4,-33.1,-14.3,-21.8,-20.5
7975955,2892639,Inactive,0,,,>,95,-4.02,,,,,,,20,-0.2,1,-36,-13,-2.6,-15.4,-6,-3.3,-12.8,-5.2
7975962,5406370,Inactive,29,,,=,13.14,-4.88,0.99,-15.49,147.32,162.81,-106.15,0.98,30,112.7,73.7,48.4,13.8,-12.2,-17.2,-18.2,-11.2,-15.4,-7.8
7975994,2058969,Active,39,,,=,6.506,-5.19,1.36,-6.98,137.91,144.89,43.71,0.99,30,122.4,117.3,70.4,22.4,9.3,-3.9,-4.7,-7.9,-7.4,-12.9
7976105,2860584,Inactive,29,,,=,13.41,-4.87,3.32,-10.75,136.39,147.14,-47.03,0.99,30,125.4,116.5,25.6,-9.9,-10.1,-11.5,-11.7,-13.2,-5.6,-11.9
7976231,682570,Inactive,30,,,=,12.21,-4.91,1.03,-14.2,137.83,152.04,-202.18,0.98,30,105.6,84.8,43.8,9.5,1.5,-12,-8,-15.7,-18.1,-14.8
7976239,782193,Inactive,32,,,=,10.56,-4.98,1.81,-6.27,128.04,134.31,-117.8,0.99,30,117.5,104.8,48.5,6.9,1.3,-11.7,-4,-9.3,-2.8,-9.1
7976291,747076,Inactive,0,,,>,95,-4.02,,-5.61,18.65,24.26,,,30,10.5,9.2,0.8,2,-1.2,-8.1,-9,-6.2,-2.6,-3.3
7976300,2183703,Inactive,10,,,=,48.16,-4.32,2.48,-12.4,83.15,95.56,-40.68,0.97,30,65.9,30.6,-7.9,-6.2,-12.3,-14.1,-14.8,-13.1,-16.3,-8.8
7976456,878218,Active,52,,,=,2.765,-5.56,1.09,-18.12,124.12,142.24,-98.47,0.99,30,101.2,100.3,89.8,56,21,-4,-1.7,-21.1,-21.7,-17.9
7976462,702153,Inactive,0,,,>,95,-4.02,,,,,,,19,-7.5,-14.4,25.6,-9,-22.8,-19.7,-29.6,-16.4,-25.1,-12.8
7976488,54676686,Inactive,28,,,=,14.41,-4.84,3.83,-14.92,124.47,139.38,-93.65,0.98,30,109.9,103.7,16.3,-18.5,-19.9,-13.4,-10.9,-10.8,-21.9,-8.8
7977051,790083,Inactive,33,,,=,10.08,-5,0.82,-19.17,124.78,143.95,34.59,0.99,20,89.9,78.8,52,17.6,8.6,-8.9,-17.8,-15.5,-20.6,-18.3
7977057,5310863,Inactive,24,,,=,19.31,-4.71,2.43,-13.16,133.46,146.62,-49.17,0.98,20,116.7,88,7.2,0.8,-7.2,-10,-13.7,-17.9,-22.1,-17.9
7977078,2843365,Inactive,0,,,>,30,-4.52,,,,,,,20,72.7,17.7,4.1,0.8,-14.2,-15.4,-14.1,-7,-17.7,0.9
7977281,5407960,Active,36,,,=,8.25,-5.08,0.84,-23.49,166.4,189.89,-30.01,1,30,118.1,99.2,54.9,22.6,1.6,-15.1,-19.7,-21.8,-24.8,-22
7977433,2232803,Active,44,,,=,4.862,-5.31,0.93,-11.25,150.46,161.71,-82.22,0.99,30,122.3,116.5,74.6,35.6,13.8,1.9,-5.7,-6.1,-12.2,-18.5
7977448,778503,Inactive,0,,,>,95,-4.02,,,,,,,20,9.9,0.6,-5.9,-0.3,-11.9,-13.5,-16.3,-9.9,-16.3,-18.9
7977494,5411262,Active,34,,,=,9.387,-5.03,2.61,-7.57,110.1,117.67,-43.45,0.99,30,103.1,97.5,58.7,0.4,-5,-16,-7.2,-9.3,-7.6,0.7
7977946,702129,Inactive,0,,,>,95,-4.02,,-10.97,-6.25,4.72,,,19,-12.8,-19.1,-18.1,-17,-19.1,-14,-51.3,-18,-7.2,-10.5
7977961,6879678,Inactive,0,,,>,95,-4.02,,,,,,,20,28.1,5.5,-15.2,-16.6,-19.1,-21.9,-16.7,-19.4,-20.8,-51.3
7978035,1352026,Inactive,24,,,=,18.79,-4.73,1.37,-12.41,111.63,124.05,446.65,0.97,30,91.7,65.2,32.1,-2.7,-12.1,-9,-12.6,-14.5,-7,-14.3
7978115,698314,Inactive,25,,,=,17.96,-4.75,1.41,-12.84,92.98,105.82,-10.12,0.94,30,69,76.6,23.5,6.1,3.7,-15.3,-14.7,-20.5,-10.4,-13.6
7978203,2232433,Active,36,,,=,8.219,-5.09,1.04,-3.81,130.93,134.74,-2122.02,0.99,30,112.6,96.4,53.8,29.3,7.9,-1.3,-10.3,-0.1,-3.3,-0.5
7978252,2919510,Inactive,0,,,>,30,-4.52,,,,,,,30,104.9,44.7,16.5,-1,-1,0.4,-4.7,-13.1,-10.3,-11.9
7978272,5349808,Active,44,,,=,4.742,-5.32,1.5,-12.29,118.77,131.06,10.44,0.99,20,109.2,96.1,80.6,39.5,-2,-7.3,-15.5,-12.4,-9.5,-10.7
7978398,1227876,Active,47,,,=,3.764,-5.42,0.91,-19.81,135.7,155.51,-39.7,0.99,20,109.3,99.5,80.6,44.3,22.5,-7.7,-18,-5.2,-28.5,-16.6
7978421,772857,Active,56,,,=,2.138,-5.67,0.87,-14.24,107.08,121.32,-164.29,0.99,30,89.5,87.2,78.8,58.6,36.6,15.4,-6.7,-4.8,-14.6,-12.6
